d,M,n,time_grid,t,tau,u,C2_normalized
0.004,14,768,slow,0.0,0.0,0.0,0.9999999999999981
0.004,14,768,slow,5.0,0.02,1250.0,0.9778107369522632
0.004,14,768,slow,10.0,0.04,2500.0,0.956134503632596
0.004,14,768,slow,15.0,0.06,3750.0,0.93494149741278
0.004,14,768,slow,20.0,0.08,5000.0,0.9142206118798624
0.004,14,768,slow,25.0,0.1,6250.0,0.8939610429292506
0.004,14,768,slow,30.0,0.12,7500.0,0.874152272051701
0.004,14,768,slow,35.0,0.14,8750.0,0.8547840525650209
0.004,14,768,slow,40.0,0.16,10000.0,0.8358463977863859
0.004,14,768,slow,45.0,0.18,11250.0,0.8173295705954314
0.004,14,768,slow,50.0,0.2,12500.0,0.7992240740546924
0.004,14,768,slow,55.0,0.22,13750.0,0.7815206428682594
0.004,14,768,slow,60.0,0.24,15000.0,0.7642102355255481
0.004,14,768,slow,65.0,0.26,16250.0,0.7472840270181473
0.004,14,768,slow,70.0,0.28,17500.0,0.7307334020447707
0.004,14,768,slow,75.0,0.3,18750.0,0.7145499486380352
0.004,14,768,slow,80.0,0.32,20000.0,0.6987254521601677
0.004,14,768,slow,85.0,0.34,21250.0,0.6832518896246472
0.004,14,768,slow,90.0,0.36,22500.0,0.66812142430828
0.004,14,768,slow,95.0,0.38,23750.0,0.6533264006240063
0.004,14,768,slow,100.0,0.4,25000.0,0.6388593392293179
0.004,14,768,slow,105.0,0.42,26250.0,0.6247129323488244
0.004,14,768,slow,110.0,0.44,27500.0,0.6108800392924836
0.004,14,768,slow,115.0,0.46,28750.0,0.5973536821534556
0.004,14,768,slow,120.0,0.48,30000.0,0.5841270416715697
0.004,14,768,slow,125.0,0.5,31250.0,0.5711934532500967
0.004,14,768,slow,130.0,0.52,32500.0,0.5585464031149546
0.004,14,768,slow,135.0,0.54,33750.0,0.5461795246067033
0.004,14,768,slow,140.0,0.56,35000.0,0.5340865945967334
0.004,14,768,slow,145.0,0.58,36250.0,0.5222615300199548
0.004,14,768,slow,150.0,0.6,37500.0,0.5106983845170799
0.004,14,768,slow,155.0,0.62,38750.0,0.4993913451802753
0.004,14,768,slow,160.0,0.64,40000.0,0.48833472939655403
0.004,14,768,slow,165.0,0.66,41250.0,0.4775229817838015
0.004,14,768,slow,170.0,0.68,42500.0,0.4669506712147918
0.004,14,768,slow,175.0,0.7000000000000001,43750.0,0.45661248792495623
0.004,14,768,slow,180.0,0.72,45000.0,0.44650324070002523
0.004,14,768,slow,185.0,0.74,46250.0,0.43661785413998694
0.004,14,768,slow,190.0,0.76,47500.0,0.42695136599608785
0.004,14,768,slow,195.0,0.78,48750.0,0.4174989245778565
0.004,14,768,slow,200.0,0.8,50000.0,0.4082557862273557
0.004,14,768,slow,205.0,0.8200000000000001,51250.0,0.39921731285807516
0.004,14,768,slow,210.0,0.84,52500.0,0.3903789695560532
0.004,14,768,slow,215.0,0.86,53750.0,0.38173632224098697
0.004,14,768,slow,220.0,0.88,55000.0,0.37328503538522995
0.004,14,768,slow,225.0,0.9,56250.0,0.36502086978871534
0.004,14,768,slow,230.0,0.92,57500.0,0.35693968040796065
0.004,14,768,slow,235.0,0.9400000000000001,58750.0,0.3490374142374169
0.004,14,768,slow,240.0,0.96,60000.0,0.34131010824152735
0.004,14,768,slow,245.0,0.98,61250.0,0.3337538873359479
0.004,14,768,slow,250.0,1.0,62500.0,0.3263649624164642
0.004,14,768,slow,255.0,1.02,63750.0,0.3191396284342147
0.004,14,768,slow,260.0,1.04,65000.0,0.3120742625158971
0.004,14,768,slow,265.0,1.06,66250.0,0.30516532212769826
0.004,14,768,slow,270.0,1.08,67500.0,0.29840934328174445
0.004,14,768,slow,275.0,1.1,68750.0,0.2918029387839227
0.004,14,768,slow,280.0,1.12,70000.0,0.28534279652197136
0.004,14,768,slow,285.0,1.1400000000000001,71250.0,0.2790256777927836
0.004,14,768,slow,290.0,1.16,72500.0,0.2728484156679113
0.004,14,768,slow,295.0,1.18,73750.0,0.2668079133962903
0.004,14,768,slow,300.0,1.2,75000.0,0.2609011428432504
0.004,14,768,slow,305.0,1.22,76250.0,0.25512514296490335
0.004,14,768,slow,310.0,1.24,77500.0,0.2494770183170327
0.004,14,768,slow,315.0,1.26,78750.0,0.24395393759764342
0.004,14,768,slow,320.0,1.28,80000.0,0.2385531322223519
0.004,14,768,slow,325.0,1.3,81250.0,0.23327189493182618
0.004,14,768,slow,330.0,1.32,82500.0,0.22810757843050977
0.004,14,768,slow,335.0,1.34,83750.0,0.2230575940558861
0.004,14,768,slow,340.0,1.36,85000.0,0.21811941047756186
0.004,14,768,slow,345.0,1.3800000000000001,86250.0,0.21329055242547046
0.004,14,768,slow,350.0,1.4000000000000001,87500.0,0.20856859944651393
0.004,14,768,slow,355.0,1.42,88750.0,0.20395118468898324
0.004,14,768,slow,360.0,1.44,90000.0,0.19943599371411336
0.004,14,768,slow,365.0,1.46,91250.0,0.19502076333414825
0.004,14,768,slow,370.0,1.48,92500.0,0.19070328047630547
0.004,14,768,slow,375.0,1.5,93750.0,0.18648138107204856
0.004,14,768,slow,380.0,1.52,95000.0,0.18235294897108884
0.004,14,768,slow,385.0,1.54,96250.0,0.178315914879554
0.004,14,768,slow,390.0,1.56,97500.0,0.1743682553217737
0.004,14,768,slow,395.0,1.58,98750.0,0.17050799162514843
0.004,14,768,slow,400.0,1.6,100000.0,0.16673318892757905
0.004,14,768,slow,405.0,1.62,101250.0,0.16304195520694686
0.004,14,768,slow,410.0,1.6400000000000001,102500.0,0.15943244033214968
0.004,14,768,slow,415.0,1.6600000000000001,103750.0,0.15590283513520678
0.004,14,768,slow,420.0,1.68,105000.0,0.15245137050396085
0.004,14,768,slow,425.0,1.7,106250.0,0.14907631649491457
0.004,14,768,slow,430.0,1.72,107500.0,0.14577598146575013
0.004,14,768,slow,435.0,1.74,108750.0,0.1425487112270925
0.004,14,768,slow,440.0,1.76,110000.0,0.13939288821308424
0.004,14,768,slow,445.0,1.78,111250.0,0.1363069306703537
0.004,14,768,slow,450.0,1.8,112500.0,0.1332892918649647
0.004,14,768,slow,455.0,1.82,113750.0,0.13033845930694646
0.004,14,768,slow,460.0,1.84,115000.0,0.12745295399201362
0.004,14,768,slow,465.0,1.86,116250.0,0.124631329660091
0.004,14,768,slow,470.0,1.8800000000000001,117500.0,0.12187217207027123
0.004,14,768,slow,475.0,1.9000000000000001,118750.0,0.11917409829183816
0.004,14,768,slow,480.0,1.92,120000.0,0.11653575601099893
0.004,14,768,slow,485.0,1.94,121250.0,0.11395582285297658
0.004,14,768,slow,490.0,1.96,122500.0,0.11143300571911988
0.004,14,768,slow,495.0,1.98,123750.0,0.10896604013869877
0.004,14,768,slow,500.0,2.0,125000.0,0.10655368963505764
0.004,14,768,slow,505.0,2.02,126250.0,0.10419474510580896
0.004,14,768,slow,510.0,2.04,127500.0,0.10188802421675461
0.004,14,768,slow,515.0,2.06,128750.0,0.09963237080923064
0.004,14,768,slow,520.0,2.08,130000.0,0.09742665432057827
0.004,14,768,slow,525.0,2.1,131250.0,0.09526976921744862
0.004,14,768,slow,530.0,2.12,132500.0,0.09316063444165797
0.004,14,768,slow,535.0,2.14,133750.0,0.091098192868314
0.004,14,768,slow,540.0,2.16,135000.0,0.08908141077594209
0.004,14,768,slow,545.0,2.18,136250.0,0.0871092773283447
0.004,14,768,slow,550.0,2.2,137500.0,0.08518080406793427
0.004,14,768,slow,555.0,2.22,138750.0,0.08329502442028539
0.004,14,768,slow,560.0,2.24,140000.0,0.08145099320965715
0.004,14,768,slow,565.0,2.2600000000000002,141250.0,0.07964778618524333
0.004,14,768,slow,570.0,2.2800000000000002,142500.0,0.07788449955791196
0.004,14,768,slow,575.0,2.3000000000000003,143750.0,0.07616024954720219
0.004,14,768,slow,580.0,2.32,145000.0,0.07447417193835151
0.004,14,768,slow,585.0,2.34,146250.0,0.07282542164913063
0.004,14,768,slow,590.0,2.36,147500.0,0.07121317230626914
0.004,14,768,slow,595.0,2.38,148750.0,0.06963661583125903
0.004,14,768,slow,600.0,2.4,150000.0,0.0680949620353293
0.004,14,768,slow,605.0,2.42,151250.0,0.06658743822338739
0.004,14,768,slow,610.0,2.44,152500.0,0.06511328880672954
0.004,14,768,slow,615.0,2.46,153750.0,0.0636717749243259
0.004,14,768,slow,620.0,2.48,155000.0,0.062262174072490094
0.004,14,768,slow,625.0,2.5,156250.0,0.06088377974274798
0.004,14,768,slow,630.0,2.52,157500.0,0.059535901067723766
0.004,14,768,slow,635.0,2.54,158750.0,0.05821786247486589
0.004,14,768,slow,640.0,2.56,160000.0,0.056929003347839575
0.004,14,768,slow,645.0,2.58,161250.0,0.05566867769541551
0.004,14,768,slow,650.0,2.6,162500.0,0.05443625382768951
0.004,14,768,slow,655.0,2.62,163750.0,0.053231114039469986
0.004,14,768,slow,660.0,2.64,165000.0,0.052052654300675315
0.004,14,768,slow,665.0,2.66,166250.0,0.050900283953585375
0.004,14,768,slow,670.0,2.68,167500.0,0.049773425416795504
0.004,14,768,slow,675.0,2.7,168750.0,0.04867151389572501
0.004,14,768,slow,680.0,2.72,170000.0,0.04759399709953417
0.004,14,768,slow,685.0,2.74,171250.0,0.046540334964309024
0.004,14,768,slow,690.0,2.7600000000000002,172500.0,0.045509999382373906
0.004,14,768,slow,695.0,2.7800000000000002,173750.0,0.044502473937597195
0.004,14,768,slow,700.0,2.8000000000000003,175000.0,0.04351725364655683
0.004,14,768,slow,705.0,2.82,176250.0,0.04255384470543609
0.004,14,768,slow,710.0,2.84,177500.0,0.04161176424252301
0.004,14,768,slow,715.0,2.86,178750.0,0.04069054007618886
0.004,14,768,slow,720.0,2.88,180000.0,0.03978971047822496
0.004,14,768,slow,725.0,2.9,181250.0,0.03890882394241868
0.004,14,768,slow,730.0,2.92,182500.0,0.03804743895825303
0.004,14,768,slow,735.0,2.94,183750.0,0.03720512378961616
0.004,14,768,slow,740.0,2.96,185000.0,0.03638145625840994
0.004,14,768,slow,745.0,2.98,186250.0,0.035576023532949294
0.004,14,768,slow,750.0,3.0,187500.0,0.0347884219210458
0.004,14,768,slow,755.0,3.02,188750.0,0.03401825666767249
0.004,14,768,slow,760.0,3.04,190000.0,0.03326514175710782
0.004,14,768,slow,765.0,3.06,191250.0,0.03252869971945993
0.004,14,768,slow,770.0,3.08,192500.0,0.03180856144147439
0.004,14,768,slow,775.0,3.1,193750.0,0.031104365981530116
0.004,14,768,slow,780.0,3.12,195000.0,0.03041576038873125
0.004,14,768,slow,785.0,3.14,196250.0,0.02974239952600394
0.004,14,768,slow,790.0,3.16,197500.0,0.029083945897109643
0.004,14,768,slow,795.0,3.18,198750.0,0.02844006947748798
0.004,14,768,slow,800.0,3.2,200000.0,0.027810447548844566
0.004,14,768,slow,805.0,3.22,201250.0,0.027194764537400846
0.004,14,768,slow,810.0,3.24,202500.0,0.02659271185572478
0.004,14,768,slow,815.0,3.2600000000000002,203750.0,0.026003987748063263
0.004,14,768,slow,820.0,3.2800000000000002,205000.0,0.025428297139098582
0.004,14,768,slow,825.0,3.3000000000000003,206250.0,0.024865351486053237
0.004,14,768,slow,830.0,3.3200000000000003,207500.0,0.024314868634068957
0.004,14,768,slow,835.0,3.34,208750.0,0.02377657267478734
0.004,14,768,slow,840.0,3.36,210000.0,0.02325019380806147
0.004,14,768,slow,845.0,3.38,211250.0,0.022735468206728855
0.004,14,768,slow,850.0,3.4,212500.0,0.022232137884378257
0.004,14,768,slow,855.0,3.42,213750.0,0.021739950566043876
0.004,14,768,slow,860.0,3.44,215000.0,0.02125865956176219
0.004,14,768,slow,865.0,3.46,216250.0,0.02078802364292815
0.004,14,768,slow,870.0,3.48,217500.0,0.020327806921388518
0.004,14,768,slow,875.0,3.5,218750.0,0.01987777873121208
0.004,14,768,slow,880.0,3.52,220000.0,0.019437713513077166
0.004,14,768,slow,885.0,3.54,221250.0,0.019007390701218676
0.004,14,768,slow,890.0,3.56,222500.0,0.018586594612878055
0.004,14,768,slow,895.0,3.58,223750.0,0.01817511434020049
0.004,14,768,slow,900.0,3.6,225000.0,0.017772743644525555
0.004,14,768,slow,905.0,3.62,226250.0,0.017379280853017928
0.004,14,768,slow,910.0,3.64,227500.0,0.016994528757586676
0.004,14,768,slow,915.0,3.66,228750.0,0.016618294516042298
0.004,14,768,slow,920.0,3.68,230000.0,0.01625038955544194
0.004,14,768,slow,925.0,3.7,231250.0,0.015890629477574473
0.004,14,768,slow,930.0,3.72,232500.0,0.015538833966538029
0.004,14,768,slow,935.0,3.74,233750.0,0.015194826698363514
0.004,14,768,slow,940.0,3.7600000000000002,235000.0,0.014858435252639026
0.004,14,768,slow,945.0,3.7800000000000002,236250.0,0.014529491026090802
0.004,14,768,slow,950.0,3.8000000000000003,237500.0,0.01420782914807722
0.004,14,768,slow,955.0,3.8200000000000003,238750.0,0.013893288397953797
0.004,14,768,slow,960.0,3.84,240000.0,0.013585711124267505
0.004,14,768,slow,965.0,3.86,241250.0,0.01328494316574009
0.004,14,768,slow,970.0,3.88,242500.0,0.012990833774000595
0.004,14,768,slow,975.0,3.9,243750.0,0.012703235538028565
0.004,14,768,slow,980.0,3.92,245000.0,0.012422004310269982
0.004,14,768,slow,985.0,3.94,246250.0,0.01214699913438877
0.004,14,768,slow,990.0,3.96,247500.0,0.011878082174617909
0.004,14,768,slow,995.0,3.98,248750.0,0.011615118646674529
0.004,14,768,slow,1000.0,4.0,250000.0,0.01135797675020451
0.004,14,768,fast,0.0,0.0,0.0,0.9999999999999981
0.004,14,768,fast,8e-05,3.2e-07,0.02,0.9999985473804389
0.004,14,768,fast,0.00016,6.4e-07,0.04,0.9999971730812465
0.004,14,768,fast,0.00024,9.600000000000001e-07,0.06,0.9999958704696474
0.004,14,768,fast,0.00032,1.28e-06,0.08,0.9999946335772982
0.004,14,768,fast,0.0004,1.6000000000000001e-06,0.1,0.9999934570197787
0.004,14,768,fast,0.00048,1.9200000000000003e-06,0.12,0.999992335928049
0.004,14,768,fast,0.0005600000000000001,2.24e-06,0.14,0.9999912658897473
0.004,14,768,fast,0.00064,2.56e-06,0.16,0.9999902428986226
0.004,14,768,fast,0.0007199999999999999,2.88e-06,0.18,0.9999892633107456
0.004,14,768,fast,0.0008,3.2000000000000003e-06,0.2,0.999988323806397
0.004,14,768,fast,0.00088,3.52e-06,0.22,0.9999874213567423
0.004,14,768,fast,0.00096,3.8400000000000005e-06,0.24,0.9999865531945661
0.004,14,768,fast,0.0010400000000000001,4.160000000000001e-06,0.26,0.9999857167884689
0.004,14,768,fast,0.0011200000000000001,4.48e-06,0.28,0.9999849098200365
0.004,14,768,fast,0.0012,4.8e-06,0.3,0.9999841301635692
0.004,14,768,fast,0.00128,5.12e-06,0.32,0.9999833758680309
0.004,14,768,fast,0.00136,5.4400000000000004e-06,0.34,0.9999826451409326
0.004,14,768,fast,0.0014399999999999999,5.76e-06,0.36,0.9999819363339029
0.004,14,768,fast,0.00152,6.08e-06,0.38,0.9999812479297431
0.004,14,768,fast,0.0016,6.4000000000000006e-06,0.4,0.9999805785307891
0.004,14,768,fast,0.00168,6.72e-06,0.42,0.9999799268484264
0.004,14,768,fast,0.00176,7.04e-06,0.44,0.9999792916936303
0.004,14,768,fast,0.00184,7.360000000000001e-06,0.46,0.9999786719684166
0.004,14,768,fast,0.00192,7.680000000000001e-06,0.48,0.9999780666581028
0.004,14,768,fast,0.002,8e-06,0.5,0.9999774748242951
0.004,14,768,fast,0.0020800000000000003,8.320000000000002e-06,0.52,0.9999768955985245
0.004,14,768,fast,0.00216,8.64e-06,0.54,0.9999763281764648
0.004,14,768,fast,0.0022400000000000002,8.96e-06,0.56,0.9999757718126737
0.004,14,768,fast,0.00232,9.280000000000001e-06,0.58,0.9999752258158078
0.004,14,768,fast,0.0024,9.6e-06,0.6,0.9999746895442578
0.004,14,768,fast,0.00248,9.92e-06,0.62,0.999974162402173
0.004,14,768,fast,0.00256,1.024e-05,0.64,0.9999736438358264
0.004,14,768,fast,0.00264,1.056e-05,0.66,0.9999731333302989
0.004,14,768,fast,0.00272,1.0880000000000001e-05,0.68,0.9999726304064459
0.004,14,768,fast,0.0028000000000000004,1.1200000000000001e-05,0.7000000000000001,0.999972134618121
0.004,14,768,fast,0.0028799999999999997,1.152e-05,0.72,0.9999716455496349
0.004,14,768,fast,0.00296,1.184e-05,0.74,0.9999711628134287
0.004,14,768,fast,0.00304,1.216e-05,0.76,0.9999706860479378
0.004,14,768,fast,0.0031200000000000004,1.2480000000000002e-05,0.78,0.999970214915635
0.004,14,768,fast,0.0032,1.2800000000000001e-05,0.8,0.9999697491012325
0.004,14,768,fast,0.0032800000000000004,1.3120000000000001e-05,0.8200000000000001,0.9999692883100307
0.004,14,768,fast,0.00336,1.344e-05,0.84,0.9999688322664025
0.004,14,768,fast,0.00344,1.376e-05,0.86,0.9999683807123961
0.004,14,768,fast,0.00352,1.408e-05,0.88,0.9999679334064535
0.004,14,768,fast,0.0036000000000000003,1.4400000000000001e-05,0.9,0.9999674901222263
0.004,14,768,fast,0.00368,1.4720000000000001e-05,0.92,0.9999670506474904
0.004,14,768,fast,0.0037600000000000003,1.5040000000000002e-05,0.9400000000000001,0.9999666147831404
0.004,14,768,fast,0.00384,1.5360000000000002e-05,0.96,0.9999661823422659
0.004,14,768,fast,0.00392,1.568e-05,0.98,0.9999657531492986
0.004,14,768,fast,0.004,1.6e-05,1.0,0.9999653270392246
0.004,14,768,fast,0.00408,1.6320000000000003e-05,1.02,0.9999649038568568
0.004,14,768,fast,0.0041600000000000005,1.6640000000000003e-05,1.04,0.9999644834561642
0.004,14,768,fast,0.004240000000000001,1.6960000000000004e-05,1.06,0.9999640656996494
0.004,14,768,fast,0.00432,1.728e-05,1.08,0.9999636504577758
0.004,14,768,fast,0.0044,1.76e-05,1.1,0.9999632376084345
0.004,14,768,fast,0.0044800000000000005,1.792e-05,1.12,0.9999628270364541
0.004,14,768,fast,0.004560000000000001,1.824e-05,1.1400000000000001,0.9999624186331437
0.004,14,768,fast,0.00464,1.8560000000000002e-05,1.16,0.9999620122958708
0.004,14,768,fast,0.00472,1.8880000000000002e-05,1.18,0.9999616079276696
0.004,14,768,fast,0.0048,1.92e-05,1.2,0.9999612054368792
0.004,14,768,fast,0.00488,1.952e-05,1.22,0.9999608047368044
0.004,14,768,fast,0.00496,1.984e-05,1.24,0.9999604057454046
0.004,14,768,fast,0.00504,2.016e-05,1.26,0.9999600083850015
0.004,14,768,fast,0.00512,2.048e-05,1.28,0.9999596125820094
0.004,14,768,fast,0.005200000000000001,2.0800000000000004e-05,1.3,0.9999592182666849
0.004,14,768,fast,0.00528,2.112e-05,1.32,0.9999588253728917
0.004,14,768,fast,0.00536,2.144e-05,1.34,0.9999584338378829
0.004,14,768,fast,0.00544,2.1760000000000002e-05,1.36,0.9999580436020988
0.004,14,768,fast,0.005520000000000001,2.2080000000000002e-05,1.3800000000000001,0.999957654608979
0.004,14,768,fast,0.005600000000000001,2.2400000000000002e-05,1.4000000000000001,0.9999572668047834
0.004,14,768,fast,0.00568,2.2720000000000003e-05,1.42,0.9999568801384309
0.004,14,768,fast,0.0057599999999999995,2.304e-05,1.44,0.9999564945613438
0.004,14,768,fast,0.00584,2.336e-05,1.46,0.9999561100273064
0.004,14,768,fast,0.00592,2.368e-05,1.48,0.99995572649233
0.004,14,768,fast,0.006,2.4e-05,1.5,0.9999553439145273
0.004,14,768,fast,0.00608,2.432e-05,1.52,0.9999549622539975
0.004,14,768,fast,0.0061600000000000005,2.464e-05,1.54,0.9999545814727152
0.004,14,768,fast,0.006240000000000001,2.4960000000000005e-05,1.56,0.9999542015344277
0.004,14,768,fast,0.00632,2.5280000000000002e-05,1.58,0.9999538224045604
0.004,14,768,fast,0.0064,2.5600000000000002e-05,1.6,0.9999534440501255
0.004,14,768,fast,0.0064800000000000005,2.5920000000000003e-05,1.62,0.9999530664396381
0.004,14,768,fast,0.006560000000000001,2.6240000000000003e-05,1.6400000000000001,0.9999526895430371
0.004,14,768,fast,0.006640000000000001,2.6560000000000003e-05,1.6600000000000001,0.9999523133316108
0.004,14,768,fast,0.00672,2.688e-05,1.68,0.9999519377779265
0.004,14,768,fast,0.0068,2.72e-05,1.7,0.9999515628557656
0.004,14,768,fast,0.00688,2.752e-05,1.72,0.9999511885400623
0.004,14,768,fast,0.00696,2.784e-05,1.74,0.9999508148068436
0.004,14,768,fast,0.00704,2.816e-05,1.76,0.9999504416331766
0.004,14,768,fast,0.0071200000000000005,2.8480000000000002e-05,1.78,0.9999500689971166
0.004,14,768,fast,0.007200000000000001,2.8800000000000002e-05,1.8,0.9999496968776576
0.004,14,768,fast,0.00728,2.912e-05,1.82,0.9999493252546876
0.004,14,768,fast,0.00736,2.9440000000000003e-05,1.84,0.9999489541089449
0.004,14,768,fast,0.00744,2.9760000000000003e-05,1.86,0.9999485834219778
0.004,14,768,fast,0.007520000000000001,3.0080000000000003e-05,1.8800000000000001,0.9999482131761055
0.004,14,768,fast,0.007600000000000001,3.0400000000000004e-05,1.9000000000000001,0.9999478433543824
0.004,14,768,fast,0.00768,3.0720000000000004e-05,1.92,0.999947473940563
0.004,14,768,fast,0.0077599999999999995,3.104e-05,1.94,0.999947104919071
0.004,14,768,fast,0.00784,3.136e-05,1.96,0.9999467362749661
0.004,14,768,fast,0.00792,3.168e-05,1.98,0.9999463679939166
0.004,14,768,fast,0.008,3.2e-05,2.0,0.9999460000621717
0.004,14,768,fast,0.00808,3.232e-05,2.02,0.999945632466535
0.004,14,768,fast,0.00816,3.2640000000000006e-05,2.04,0.9999452651943398
0.004,14,768,fast,0.00824,3.296e-05,2.06,0.9999448982334253
0.004,14,768,fast,0.008320000000000001,3.328000000000001e-05,2.08,0.9999445315721146
0.004,14,768,fast,0.008400000000000001,3.3600000000000004e-05,2.1,0.9999441651991945
0.004,14,768,fast,0.008480000000000001,3.392000000000001e-05,2.12,0.9999437991038927
0.004,14,768,fast,0.00856,3.424e-05,2.14,0.9999434332758618
0.004,14,768,fast,0.00864,3.456e-05,2.16,0.999943067705159
0.004,14,768,fast,0.00872,3.4880000000000005e-05,2.18,0.9999427023822293
0.004,14,768,fast,0.0088,3.52e-05,2.2,0.9999423372978896
0.004,14,768,fast,0.00888,3.5520000000000006e-05,2.22,0.9999419724433131
0.004,14,768,fast,0.008960000000000001,3.584e-05,2.24,0.9999416078100131
0.004,14,768,fast,0.009040000000000001,3.6160000000000006e-05,2.2600000000000002,0.9999412433898299
0.004,14,768,fast,0.009120000000000001,3.648e-05,2.2800000000000002,0.999940879174917
0.004,14,768,fast,0.009200000000000002,3.680000000000001e-05,2.3000000000000003,0.9999405151577286
0.004,14,768,fast,0.00928,3.7120000000000004e-05,2.32,0.9999401513310066
0.004,14,768,fast,0.00936,3.744e-05,2.34,0.9999397876877684
0.004,14,768,fast,0.00944,3.7760000000000004e-05,2.36,0.9999394242212974
0.004,14,768,fast,0.009519999999999999,3.8079999999999995e-05,2.38,0.9999390609251311
0.004,14,768,fast,0.0096,3.84e-05,2.4,0.9999386977930502
0.004,14,768,fast,0.00968,3.8719999999999995e-05,2.42,0.9999383348190706
0.004,14,768,fast,0.00976,3.904e-05,2.44,0.9999379719974325
0.004,14,768,fast,0.00984,3.936e-05,2.46,0.9999376093225929
0.004,14,768,fast,0.00992,3.968e-05,2.48,0.9999372467892151
0.004,14,768,fast,0.01,4e-05,2.5,0.9999368843921623
0.004,14,768,fast,0.01008,4.032e-05,2.52,0.9999365221264892
0.004,14,768,fast,0.01016,4.0640000000000004e-05,2.54,0.9999361599874343
0.004,14,768,fast,0.01024,4.096e-05,2.56,0.9999357979704129
0.004,14,768,fast,0.010320000000000001,4.1280000000000005e-05,2.58,0.9999354360710102
0.004,14,768,fast,0.010400000000000001,4.160000000000001e-05,2.6,0.9999350742849747
0.004,14,768,fast,0.010480000000000001,4.1920000000000005e-05,2.62,0.9999347126082124
0.004,14,768,fast,0.01056,4.224e-05,2.64,0.9999343510367791
0.004,14,768,fast,0.01064,4.256e-05,2.66,0.9999339895668771
0.004,14,768,fast,0.01072,4.288e-05,2.68,0.9999336281948481
0.004,14,768,fast,0.0108,4.3200000000000007e-05,2.7,0.9999332669171673
0.004,14,768,fast,0.01088,4.3520000000000003e-05,2.72,0.99993290573044
0.004,14,768,fast,0.010960000000000001,4.384000000000001e-05,2.74,0.9999325446313956
0.004,14,768,fast,0.011040000000000001,4.4160000000000004e-05,2.7600000000000002,0.999932183616883
0.004,14,768,fast,0.011120000000000001,4.448000000000001e-05,2.7800000000000002,0.9999318226838663
0.004,14,768,fast,0.011200000000000002,4.4800000000000005e-05,2.8000000000000003,0.9999314618294205
0.004,14,768,fast,0.01128,4.512e-05,2.82,0.9999311010507266
0.004,14,768,fast,0.01136,4.5440000000000005e-05,2.84,0.9999307403450692
0.004,14,768,fast,0.01144,4.576e-05,2.86,0.9999303797098309
0.004,14,768,fast,0.011519999999999999,4.608e-05,2.88,0.9999300191424898
0.004,14,768,fast,0.0116,4.6399999999999996e-05,2.9,0.9999296586406154
0.004,14,768,fast,0.01168,4.672e-05,2.92,0.9999292982018653
0.004,14,768,fast,0.01176,4.704e-05,2.94,0.9999289378239822
0.004,14,768,fast,0.01184,4.736e-05,2.96,0.9999285775047904
0.004,14,768,fast,0.01192,4.7680000000000004e-05,2.98,0.9999282172421924
0.004,14,768,fast,0.012,4.8e-05,3.0,0.999927857034168
0.004,14,768,fast,0.01208,4.8320000000000005e-05,3.02,0.9999274968787681
0.004,14,768,fast,0.01216,4.864e-05,3.04,0.9999271367741155
0.004,14,768,fast,0.012240000000000001,4.8960000000000006e-05,3.06,0.9999267767183998
0.004,14,768,fast,0.012320000000000001,4.928e-05,3.08,0.9999264167098761
0.004,14,768,fast,0.012400000000000001,4.9600000000000006e-05,3.1,0.9999260567468626
0.004,14,768,fast,0.012480000000000002,4.992000000000001e-05,3.12,0.9999256968277379
0.004,14,768,fast,0.01256,5.024e-05,3.14,0.9999253369509388
0.004,14,768,fast,0.01264,5.0560000000000004e-05,3.16,0.9999249771149583
0.004,14,768,fast,0.01272,5.088e-05,3.18,0.999924617318344
0.004,14,768,fast,0.0128,5.1200000000000004e-05,3.2,0.999924257559695
0.004,14,768,fast,0.01288,5.152e-05,3.22,0.9999238978376618
0.004,14,768,fast,0.012960000000000001,5.1840000000000005e-05,3.24,0.9999235381509419
0.004,14,768,fast,0.013040000000000001,5.216000000000001e-05,3.2600000000000002,0.9999231784982808
0.004,14,768,fast,0.013120000000000001,5.2480000000000006e-05,3.2800000000000002,0.9999228188784683
0.004,14,768,fast,0.013200000000000002,5.280000000000001e-05,3.3000000000000003,0.9999224592903375
0.004,14,768,fast,0.013280000000000002,5.3120000000000006e-05,3.3200000000000003,0.9999220997327637
0.004,14,768,fast,0.01336,5.344e-05,3.34,0.9999217402046626
0.004,14,768,fast,0.01344,5.376e-05,3.36,0.9999213807049879
0.004,14,768,fast,0.013519999999999999,5.408e-05,3.38,0.9999210212327319
0.004,14,768,fast,0.0136,5.44e-05,3.4,0.9999206617869221
0.004,14,768,fast,0.01368,5.472e-05,3.42,0.999920302366621
0.004,14,768,fast,0.01376,5.504e-05,3.44,0.9999199429709246
0.004,14,768,fast,0.01384,5.536e-05,3.46,0.9999195835989615
0.004,14,768,fast,0.01392,5.568e-05,3.48,0.9999192242498912
0.004,14,768,fast,0.014,5.6e-05,3.5,0.9999188649229032
0.004,14,768,fast,0.01408,5.632e-05,3.52,0.9999185056172161
0.004,14,768,fast,0.01416,5.6640000000000007e-05,3.54,0.9999181463320759
0.004,14,768,fast,0.014240000000000001,5.6960000000000004e-05,3.56,0.9999177870667565
0.004,14,768,fast,0.014320000000000001,5.728000000000001e-05,3.58,0.999917427820557
0.004,14,768,fast,0.014400000000000001,5.7600000000000004e-05,3.6,0.9999170685928016
0.004,14,768,fast,0.014480000000000002,5.792000000000001e-05,3.62,0.9999167093828385
0.004,14,768,fast,0.01456,5.824e-05,3.64,0.9999163501900397
0.004,14,768,fast,0.01464,5.856e-05,3.66,0.9999159910137986
0.004,14,768,fast,0.01472,5.8880000000000005e-05,3.68,0.9999156318535315
0.004,14,768,fast,0.0148,5.92e-05,3.7,0.9999152727086745
0.004,14,768,fast,0.01488,5.9520000000000006e-05,3.72,0.9999149135786842
0.004,14,768,fast,0.014960000000000001,5.984e-05,3.74,0.9999145544630367
0.004,14,768,fast,0.015040000000000001,6.016000000000001e-05,3.7600000000000002,0.9999141953612263
0.004,14,768,fast,0.015120000000000001,6.048000000000001e-05,3.7800000000000002,0.9999138362727659
0.004,14,768,fast,0.015200000000000002,6.080000000000001e-05,3.8000000000000003,0.9999134771971852
0.004,14,768,fast,0.015280000000000002,6.112000000000001e-05,3.8200000000000003,0.9999131181340308
0.004,14,768,fast,0.01536,6.144000000000001e-05,3.84,0.9999127590828659
0.004,14,768,fast,0.01544,6.176e-05,3.86,0.9999124000432686
0.004,14,768,fast,0.015519999999999999,6.208e-05,3.88,0.9999120410148326
0.004,14,768,fast,0.0156,6.24e-05,3.9,0.9999116819971657
0.004,14,768,fast,0.01568,6.272e-05,3.92,0.9999113229898895
0.004,14,768,fast,0.01576,6.304e-05,3.94,0.9999109639926398
0.004,14,768,fast,0.01584,6.336e-05,3.96,0.9999106050050641
0.004,14,768,fast,0.01592,6.368e-05,3.98,0.9999102460268241
0.004,14,768,fast,0.016,6.4e-05,4.0,0.9999098870575921
0.004,14,768,long_tail,1004.9999999999999,4.02,251249.99999999997,0.011106527602722571
0.004,14,768,long_tail,1024.4277743499733,4.097711097399894,256106.94358749333,0.010181231507670006
0.004,14,768,long_tail,1044.231109313075,4.1769244372523,261057.77732826874,0.009317341951635605
0.004,14,768,long_tail,1064.4172648961169,4.257669059584468,266104.31622402923,0.00851215157241574
0.004,14,768,long_tail,1084.9936414499655,4.339974565799862,271248.4103624914,0.007762969210697175
0.004,14,768,long_tail,1105.967782382549,4.4238711295301965,276491.94559563725,0.007067127266628712
0.004,14,768,long_tail,1127.3473769243092,4.509389507697237,281836.8442310773,0.006421988774951281
0.004,14,768,long_tail,1149.1402629471154,4.596561051788462,287285.06573677884,0.005824954163084412
0.004,14,768,long_tail,1171.3544298376685,4.685417719350674,292838.60745941714,0.00527346765898546
0.004,14,768,long_tail,1193.9980214264529,4.775992085705812,298499.5053566132,0.004765023318322225
0.004,14,768,long_tail,1217.079338973307,4.868317355893228,304269.8347433267,0.004297170643507512
0.004,14,768,long_tail,1240.6068442107085,4.962427376842834,310151.7110526771,0.003867519770405927
0.004,14,768,long_tail,1264.5891624458911,5.058356649783565,316147.2906114728,0.0034737462020075862
0.004,14,768,long_tail,1289.0350857229269,5.156140342891708,322258.7714307317,0.0031135950720349815
0.004,14,768,long_tail,1313.953576045936,5.255814304183744,328488.394011484,0.0027848849252680636
0.004,14,768,long_tail,1339.3537686646043,5.357415074658418,334838.4421661511,0.0024855110052986727
0.004,14,768,long_tail,1365.244975423214,5.460979901692856,341311.2438558035,0.002213448044413788
0.004,14,768,long_tail,1391.6366881744154,5.566546752697662,347909.17204360384,0.0019667525543135556
0.004,14,768,long_tail,1418.53858225899,5.67415432903596,354634.64556474745,0.0017435646203480138
0.004,14,768,long_tail,1445.9605200528797,5.783842080211519,361490.1300132199,0.0015421092058601213
0.004,14,768,long_tail,1473.9125545827883,5.895650218331153,368478.13864569704,0.0013606969770062133
0.004,14,768,long_tail,1502.4049332116713,6.009619732846685,375601.2333029178,0.0011977246620443957
0.004,14,768,long_tail,1531.4481013954764,6.1257924055819055,382862.0253488691,0.001051674962493992
0.004,14,768,long_tail,1561.0527065124977,6.244210826049991,390263.17662812443,0.0009211160367359357
0.004,14,768,long_tail,1591.2296017667672,6.364918407067069,397807.4004416918,0.0008047005795082902
0.004,14,768,long_tail,1621.98985016689,6.48795940066756,405497.46254172246,0.0007011645233217459
0.004,14,768,long_tail,1653.3447285818052,6.613378914327221,413336.18214545125,0.0006093253900485906
0.004,14,768,long_tail,1685.3057318749454,6.7412229274997815,421326.43296873634,0.000528080322804212
0.004,14,768,long_tail,1717.884577118312,6.871538308473249,429471.144279578,0.00045640382972510804
0.004,14,768,long_tail,1751.0932078880182,7.0043728315520735,437773.3019720045,0.00039334527234143323
0.004,14,768,long_tail,1784.943798642864,7.139775194571456,446235.949660716,0.0003380261319403671
0.004,14,768,long_tail,1819.4487591875593,7.277795036750237,454862.18979688984,0.00028963708762036743
0.004,14,768,long_tail,1854.6207392222211,7.418482956888885,463655.18480555527,0.00024743493965323813
0.004,14,768,long_tail,1890.4726329798243,7.561890531919297,472618.15824495605,0.00021073941131406415
0.004,14,768,long_tail,1927.017583953289,7.708070335813156,481754.3959883222,0.00017892986152745613
0.004,14,768,long_tail,1964.2689897139621,7.857075958855849,491067.24742849055,0.00015144193953615882
0.004,14,768,long_tail,2002.2405068232297,8.008962027292919,500560.1267058074,0.0001277642113537677
0.004,14,768,long_tail,2040.9460558390888,8.163784223356355,510236.5139597722,0.00010743478604963912
0.004,14,768,long_tail,2080.3998264194975,8.32159930567799,520099.95660487434,9.003796796736297e-05
0.004,14,768,long_tail,2120.6162825243755,8.482465130097502,530154.0706310938,7.520095883690039e-05
0.004,14,768,long_tail,2161.6101677181705,8.646440670872682,540402.5419295426,6.259063144520004e-05
0.004,14,768,long_tail,2203.396510574924,8.813586042299695,550849.127643731,5.1910394122147234e-05
0.004,14,768,long_tail,2245.9906301878286,8.983962520751314,561497.6575469571,4.289716281953904e-05
0.004,14,768,long_tail,2289.4081417852854,9.15763256714114,572352.0354463214,3.531845505117223e-05
0.004,14,768,long_tail,2333.6649624555316,9.334659849822126,583416.2406138829,2.896961746131206e-05
0.004,14,768,long_tail,2378.7773169819257,9.515109267927702,594694.3292454814,2.3671196333799527e-05
0.004,14,768,long_tail,2424.7617437910403,9.699046975164162,606190.4359477601,1.926645797894128e-05
0.004,14,768,long_tail,2471.6351010157377,9.88654040406295,617908.7752539344,1.5619063670799418e-05
0.004,14,768,long_tail,2519.4145726754477,10.077658290701791,629853.643168862,1.2610901680276159e-05
0.004,14,768,long_tail,2568.11767497592,10.27247069990368,642029.41874398,1.0140076981969018e-05
0.004,14,768,long_tail,2617.762262730756,10.471049050923025,654440.565682689,8.119057423126056e-06
0.004,14,768,long_tail,2668.366535907085,10.67346614362834,667091.6339767713,6.472973544539336e-06
0.004,14,768,long_tail,2719.9490462977546,10.879796185191019,679987.2615744387,5.138067844643234e-06
0.004,14,768,long_tail,2772.5287043225303,11.090114817290122,693132.1760806326,4.060288083716675e-06
0.004,14,768,long_tail,2826.124785960742,11.304499143842968,706531.1964901855,3.1940182349609844e-06
0.004,14,768,long_tail,2880.756939817969,11.523027759271876,720189.2349544922,2.500939899405464e-06
0.004,14,768,long_tail,2936.4451943293175,11.74578077731727,734111.2985823293,1.9490164046303637e-06
0.004,14,768,long_tail,2993.2099651019485,11.972839860407793,748302.4912754871,1.5115913926290807e-06
0.004,14,768,long_tail,3051.072062399554,12.204288249598216,762768.0155998885,1.166593456627559e-06
0.004,14,768,long_tail,3110.052698771501,12.440210795086005,777513.1746928752,8.95838295153575e-07
0.004,14,768,long_tail,3170.1734968294713,12.680693987317886,792543.3742073678,6.844198974113343e-07
0.004,14,768,long_tail,3231.4564971744153,12.925825988697662,807864.1242936038,5.201824394145398e-07
0.004,14,768,long_tail,3293.9241664767655,13.175696665907063,823481.0416191914,3.9326483725540377e-07
0.004,14,768,long_tail,3357.599405712822,13.430397622851288,839399.8514282055,2.9571025426329126e-07
0.004,14,768,long_tail,3422.5055585603777,13.69002223424151,855626.3896400944,2.2113327501889123e-07
0.004,14,768,long_tail,3488.666419956637,13.95466567982655,872166.6049891593,1.6443792446258454e-07
0.004,14,768,long_tail,3556.106244821561,14.224424979286246,889026.5612053903,1.2158020904179927e-07
0.004,14,768,long_tail,3624.8497569498463,14.499399027799386,906212.4392374615,8.936937475202963e-08
0.004,14,768,long_tail,3694.9221580747994,14.779688632299198,923730.5395186999,6.530260138378782e-08
0.004,14,768,long_tail,3766.3491371074324,15.06539654842973,941587.2842768581,4.7428372323008986e-08
0.004,14,768,long_tail,3839.156879554141,15.356627518216564,959789.2198885352,3.423426563039625e-08
0.004,14,768,long_tail,3913.3720771164553,15.653488308465821,978343.0192791139,2.4555397338395656e-08
0.004,14,768,long_tail,3989.021937476361,15.956087749905445,997255.4843690902,1.7500206115556854e-08
0.004,14,768,long_tail,4066.1341942707754,16.2645367770831,1016533.5485676938,1.2390695390605652e-08
0.004,14,768,long_tail,4144.737117258841,16.578948469035364,1036184.2793147102,8.714641875653585e-09
0.004,14,768,long_tail,4224.859522685771,16.899438090743082,1056214.8806714427,6.087636636113228e-09
0.004,14,768,long_tail,4306.530783847039,17.226123135388157,1076632.6959617597,4.223145993116466e-09
0.004,14,768,long_tail,4389.780841856787,17.55912336742715,1097445.2104641967,2.9090651159347112e-09
0.004,14,768,long_tail,4474.6402166243815,17.898560866497526,1118660.0541560953,1.9894884267585908e-09
0.004,14,768,long_tail,4561.140018043183,18.24456007217273,1140285.0045107957,1.350639742464799e-09
0.004,14,768,long_tail,4649.311957395599,18.597247829582397,1162327.9893488998,9.100936861659916e-10
0.004,14,768,long_tail,4739.188358978602,18.956753435914408,1184797.0897446505,6.085808630052248e-10
0.004,14,768,long_tail,4830.802171953982,19.323208687815928,1207700.5429884954,4.038053092200344e-10
0.004,14,768,long_tail,4924.186982427697,19.69674792971079,1231046.7456069244,2.6581653411839865e-10
0.004,14,768,long_tail,5019.377025762706,20.077508103050825,1254844.2564406763,1.735727798550114e-10
0.004,14,768,long_tail,5116.4071991298315,20.465628796519326,1279101.7997824578,1.124095086669045e-10
0.004,14,768,long_tail,5215.313074301249,20.861252297204995,1303828.268575312,7.219001171733682e-11
0.004,14,768,long_tail,5316.130910691291,21.264523642765166,1329032.7276728228,4.596563874647747e-11
0.004,14,768,long_tail,5418.897668649333,21.675590674597334,1354724.4171623334,2.9013474486477133e-11
0.004,14,768,long_tail,5523.651023009648,22.094604092038594,1380912.7557524121,1.8151109437322635e-11
0.004,14,768,long_tail,5630.429376903212,22.52171750761285,1407607.344225803,1.1253015770115578e-11
0.004,14,768,long_tail,5739.271875836485,22.957087503345942,1434817.9689591213,6.912272923285355e-12
0.004,14,768,long_tail,5850.218422042359,23.400873688169437,1462554.6055105897,4.206117819913226e-12
0.004,14,768,long_tail,5963.309689108524,23.8532387564341,1490827.4222771311,2.5349623026079806e-12
0.004,14,768,long_tail,6078.587136888635,24.314348547554538,1519646.7842221586,1.5129008675936296e-12
0.004,14,768,long_tail,6196.093026701696,24.78437210680678,1549023.2566754238,8.939560234199184e-13
0.004,14,768,long_tail,6315.870436825286,25.263481747301142,1578967.6092063214,5.228833190425075e-13
0.004,14,768,long_tail,6437.96327828828,25.75185311315312,1609490.81957207,3.0268505771728044e-13
0.004,14,768,long_tail,6562.416310968881,26.249665243875523,1640604.0777422201,1.7337549047868186e-13
0.004,14,768,long_tail,6689.275160003797,26.75710064001519,1672318.7900009493,9.824404357519099e-14
0.004,14,768,long_tail,6818.586332514679,27.27434533005872,1704646.5831286698,5.506252545992087e-14
0.004,14,768,long_tail,6950.397234657871,27.801588938631486,1737599.3086644677,3.051723712640554e-14
0.004,14,768,long_tail,7084.756189003758,28.339024756015032,1771189.0472509393,1.672166510340382e-14
0.004,14,768,long_tail,7221.712452252063,28.88684980900825,1805428.1130630155,9.056560072332367e-15
0.004,14,768,long_tail,7361.316233289621,29.445264933158484,1840329.0583224052,4.8472880897975525e-15
0.004,14,768,long_tail,7503.61871159723,30.01447484638892,1875904.6778993073,2.563224706482522e-15
0.004,14,768,long_tail,7648.672056012311,30.594688224049246,1912168.0140030778,1.3388298096936667e-15
0.004,14,768,long_tail,7796.529443854256,31.186117775417024,1949132.360963564,6.905760397923116e-16
0.004,14,768,long_tail,7947.245080419554,31.788980321678217,1986811.2701048886,3.516735242867649e-16
0.004,14,768,long_tail,8100.874218853714,32.40349687541486,2025218.5547134285,1.7676750620757434e-16
0.004,14,768,long_tail,8257.473180407358,33.02989272162943,2064368.2951018396,8.767792664583162e-17
0.004,14,768,long_tail,8417.099375083888,33.66839750033555,2104274.843770972,4.290338383680374e-17
0.004,14,768,long_tail,8579.811322686308,34.31924529074523,2144952.830671577,2.0705821593244503e-17
0.004,14,768,long_tail,8745.668674270884,34.98267469708354,2186417.1685677213,9.853194151692274e-18
0.004,14,768,long_tail,8914.732234015533,35.65892893606213,2228683.0585038834,4.6219690083999244e-18
0.004,14,768,long_tail,9087.063981510944,36.34825592604378,2271765.995377736,2.1365935463457827e-18
0.004,14,768,long_tail,9262.727094482654,37.05090837793062,2315681.7736206637,9.730582488511481e-19
0.004,14,768,long_tail,9441.785971952306,37.767143887809226,2360446.4929880765,4.364681743287998e-19
0.004,14,768,long_tail,9624.306257846667,38.49722503138667,2406076.5644616666,1.9276824591708094e-19
0.004,14,768,long_tail,9810.35486506307,39.241419460252274,2452588.7162657673,8.38025945536382e-20
0.004,14,768,long_tail,10000.0,40.0,2500000.0,3.5849727579192736e-20
0.008,14,768,slow,0.0,0.0,0.0,1.0000000000000007
0.008,14,768,slow,2.5,0.02,312.5,0.977752910963288
0.008,14,768,slow,5.0,0.04,625.0,0.9560741189598847
0.008,14,768,slow,7.5,0.06,937.5,0.934878691205363
0.008,14,768,slow,10.0,0.08,1250.0,0.9141555170685006
0.008,14,768,slow,12.5,0.1,1562.5,0.89389378823267
0.008,14,768,slow,15.0,0.12,1875.0,0.874082982017942
0.008,14,768,slow,17.5,0.14,2187.5,0.8547128476325822
0.008,14,768,slow,20.0,0.16,2500.0,0.8357733943574127
0.008,14,768,slow,22.5,0.18,2812.5,0.8172548811165643
0.008,14,768,slow,25.0,0.2,3125.0,0.7991478071028661
0.008,14,768,slow,27.5,0.22,3437.5,0.7814429032396629
0.008,14,768,slow,30.0,0.24,3750.0,0.7641311243265048
0.008,14,768,slow,32.5,0.26,4062.5,0.7472036417570224
0.008,14,768,slow,35.0,0.28,4375.0,0.7306518367242509
0.008,14,768,slow,37.5,0.3,4687.5,0.7144672938472777
0.008,14,768,slow,40.0,0.32,5000.0,0.6986417951664438
0.008,14,768,slow,42.5,0.34,5312.5,0.6831673144641816
0.008,14,768,slow,45.0,0.36,5625.0,0.6680360118760569
0.008,14,768,slow,47.5,0.38,5937.5,0.6532402287623633
0.008,14,768,slow,50.0,0.4,6250.0,0.6387724828151838
0.008,14,768,slow,52.5,0.42,6562.5,0.6246254633794924
0.008,14,768,slow,55.0,0.44,6875.0,0.610792026969832
0.008,14,768,slow,57.5,0.46,7187.5,0.5972651929665509
0.008,14,768,slow,60.0,0.48,7500.0,0.5840381394776033
0.008,14,768,slow,62.5,0.5,7812.5,0.5711041993536173
0.008,14,768,slow,65.0,0.52,8125.0,0.5584568563453728
0.008,14,768,slow,67.5,0.54,8437.5,0.5460897413940532
0.008,14,768,slow,70.0,0.56,8750.0,0.533996629045682
0.008,14,768,slow,72.5,0.58,9062.5,0.5221714339820605
0.008,14,768,slow,75.0,0.6,9375.0,0.5106082076613024
0.008,14,768,slow,77.5,0.62,9687.5,0.49930113506174884
0.008,14,768,slow,80.0,0.64,10000.0,0.4882445315236348
0.008,14,768,slow,82.5,0.66,10312.5,0.47743283968340827
0.008,14,768,slow,85.0,0.68,10625.0,0.4668606264960579
0.008,14,768,slow,87.5,0.7000000000000001,10937.5,0.4565225803412156
0.008,14,768,slow,90.0,0.72,11250.0,0.44641350820915654
0.008,14,768,slow,92.5,0.74,11562.5,0.4365283329631417
0.008,14,768,slow,95.0,0.76,11875.0,0.42686209067482905
0.008,14,768,slow,97.5,0.78,12187.5,0.4174099280297365
0.008,14,768,slow,100.0,0.8,12500.0,0.40816709979996285
0.008,14,768,slow,102.5,0.8200000000000001,12812.5,0.3991289663815777
0.008,14,768,slow,105.0,0.84,13125.0,0.39029099139427237
0.008,14,768,slow,107.5,0.86,13437.5,0.3816487393410288
0.008,14,768,slow,110.0,0.88,13750.0,0.37319787332570725
0.008,14,768,slow,112.5,0.9,14062.5,0.3649341528265914
0.008,14,768,slow,115.0,0.92,14375.0,0.35685343152404464
0.008,14,768,slow,117.5,0.9400000000000001,14687.5,0.3489516551805429
0.008,14,768,slow,120.0,0.96,15000.0,0.3412248595714477
0.008,14,768,slow,122.5,0.98,15312.5,0.3336691684649717
0.008,14,768,slow,125.0,1.0,15625.0,0.3262807916498705
0.008,14,768,slow,127.5,1.02,15937.5,0.31905602300947256
0.008,14,768,slow,130.0,1.04,16250.0,0.31199123864071937
0.008,14,768,slow,132.5,1.06,16562.5,0.30508289501696134
0.008,14,768,slow,135.0,1.08,16875.0,0.2983275271933007
0.008,14,768,slow,137.5,1.1,17187.5,0.2917217470533354
0.008,14,768,slow,140.0,1.12,17500.0,0.2852622415961996
0.008,14,768,slow,142.5,1.1400000000000001,17812.5,0.278945771262845
0.008,14,768,slow,145.0,1.16,18125.0,0.27276916830054876
0.008,14,768,slow,147.5,1.18,18437.5,0.26672933516467046
0.008,14,768,slow,150.0,1.2,18750.0,0.2608232429567189
0.008,14,768,slow,152.5,1.22,19062.5,0.2550479298978224
0.008,14,768,slow,155.0,1.24,19375.0,0.24940049983672632
0.008,14,768,slow,157.5,1.26,19687.5,0.24387812079147475
0.008,14,768,slow,160.0,1.28,20000.0,0.23847802352395525
0.008,14,768,slow,162.5,1.3,20312.5,0.23319750014651872
0.008,14,768,slow,165.0,1.32,20625.0,0.22803390275990462
0.008,14,768,slow,167.5,1.34,20937.5,0.22298464212172925
0.008,14,768,slow,170.0,1.36,21250.0,0.21804718634481476
0.008,14,768,slow,172.5,1.3800000000000001,21562.5,0.2132190596246594
0.008,14,768,slow,175.0,1.4000000000000001,21875.0,0.20849784099536675
0.008,14,768,slow,177.5,1.42,22187.5,0.20388116311337387
0.008,14,768,slow,180.0,1.44,22500.0,0.19936671106833345
0.008,14,768,slow,182.5,1.46,22812.5,0.19495222122052527
0.008,14,768,slow,185.0,1.48,23125.0,0.1906354800641861
0.008,14,768,slow,187.5,1.5,23437.5,0.18641432311616526
0.008,14,768,slow,190.0,1.52,23750.0,0.1822866338293279
0.008,14,768,slow,192.5,1.54,24062.5,0.1782503425301412
0.008,14,768,slow,195.0,1.56,24375.0,0.1743034253798963
0.008,14,768,slow,197.5,1.58,24687.5,0.170443903359028
0.008,14,768,slow,200.0,1.6,25000.0,0.16666984127401205
0.008,14,768,slow,202.5,1.62,25312.5,0.1629793467863288
0.008,14,768,slow,205.0,1.6400000000000001,25625.0,0.1593705694629971
0.008,14,768,slow,207.5,1.6600000000000001,25937.5,0.1558416998481926
0.008,14,768,slow,210.0,1.68,26250.0,0.15239096855547696
0.008,14,768,slow,212.5,1.7,26562.5,0.14901664538017573
0.008,14,768,slow,215.0,1.72,26875.0,0.14571703843145292
0.008,14,768,slow,217.5,1.74,27187.5,0.1424904932836423
0.008,14,768,slow,220.0,1.76,27500.0,0.13933539214640323
0.008,14,768,slow,222.5,1.78,27812.5,0.1362501530532823
0.008,14,768,slow,225.0,1.8,28125.0,0.1332332290682686
0.008,14,768,slow,227.5,1.82,28437.5,0.13028310750994132
0.008,14,768,slow,230.0,1.84,28750.0,0.12739830919281847
0.008,14,768,slow,232.5,1.86,29062.5,0.12457738768552187
0.008,14,768,slow,235.0,1.8800000000000001,29375.0,0.12181892858538607
0.008,14,768,slow,237.5,1.9000000000000001,29687.5,0.11912154880914273
0.008,14,768,slow,240.0,1.92,30000.0,0.11648389589932528
0.008,14,768,slow,242.5,1.94,30312.5,0.11390464734604289
0.008,14,768,slow,245.0,1.96,30625.0,0.11138250992378207
0.008,14,768,slow,247.5,1.98,30937.5,0.10891621904290315
0.008,14,768,slow,250.0,2.0,31250.0,0.10650453811550359
0.008,14,768,slow,252.5,2.02,31562.5,0.10414625793533094
0.008,14,768,slow,255.0,2.04,31875.0,0.10184019607143162
0.008,14,768,slow,257.5,2.06,32187.5,0.09958519627523248
0.008,14,768,slow,260.0,2.08,32500.0,0.09738012790075536
0.008,14,768,slow,262.5,2.1,32812.5,0.09522388533767495
0.008,14,768,slow,265.0,2.12,33125.0,0.09311538745693351
0.008,14,768,slow,267.5,2.14,33437.5,0.09105357706863515
0.008,14,768,slow,270.0,2.16,33750.0,0.08903742039194658
0.008,14,768,slow,272.5,2.18,34062.5,0.08706590653673879
0.008,14,768,slow,275.0,2.2,34375.0,0.08513804699670854
0.008,14,768,slow,277.5,2.22,34687.5,0.08325287515372619
0.008,14,768,slow,280.0,2.24,35000.0,0.08140944579315999
0.008,14,768,slow,282.5,2.2600000000000002,35312.5,0.07960683462993469
0.008,14,768,slow,285.0,2.2800000000000002,35625.0,0.07784413784508518
0.008,14,768,slow,287.5,2.3000000000000003,35937.5,0.07612047163257445
0.008,14,768,slow,290.0,2.32,36250.0,0.07443497175614619
0.008,14,768,slow,292.5,2.34,36562.5,0.07278679311599205
0.008,14,768,slow,295.0,2.36,36875.0,0.07117510932501409
0.008,14,768,slow,297.5,2.38,37187.5,0.06959911229447113
0.008,14,768,slow,300.0,2.4,37500.0,0.06805801182880084
0.008,14,768,slow,302.5,2.42,37812.5,0.06655103522941365
0.008,14,768,slow,305.0,2.44,38125.0,0.06507742690726098
0.008,14,768,slow,307.5,2.46,38437.5,0.06363644800398206
0.008,14,768,slow,310.0,2.48,38750.0,0.06222737602144058
0.008,14,768,slow,312.5,2.5,39062.5,0.060849504459464215
0.008,14,768,slow,315.0,2.52,39375.0,0.05950214246160646
0.008,14,768,slow,317.5,2.54,39687.5,0.058184614468752026
0.008,14,768,slow,320.0,2.56,40000.0,0.05689625988039297
0.008,14,768,slow,322.5,2.58,40312.5,0.055636432723405016
0.008,14,768,slow,325.0,2.6,40625.0,0.054404501328158515
0.008,14,768,slow,327.5,2.62,40937.5,0.05319984801180101
0.008,14,768,slow,330.0,2.64,41250.0,0.05202186876855333
0.008,14,768,slow,332.5,2.66,41562.5,0.050869972966862964
0.008,14,768,slow,335.0,2.68,41875.0,0.04974358305326398
0.008,14,768,slow,337.5,2.7,42187.5,0.048642134262793735
0.008,14,768,slow,340.0,2.72,42500.0,0.04756507433582237
0.008,14,768,slow,342.5,2.74,42812.5,0.04651186324115208
0.008,14,768,slow,345.0,2.7600000000000002,43125.0,0.04548197290524811
0.008,14,768,slow,347.5,2.7800000000000002,43437.5,0.04447488694746502
0.008,14,768,slow,350.0,2.8000000000000003,43750.0,0.043490100421136144
0.008,14,768,slow,352.5,2.82,44062.5,0.04252711956039562
0.008,14,768,slow,355.0,2.84,44375.0,0.04158546153260688
0.008,14,768,slow,357.5,2.86,44687.5,0.040664654196272874
0.008,14,768,slow,360.0,2.88,45000.0,0.0397642358643067
0.008,14,768,slow,362.5,2.9,45312.5,0.03888375507254435
0.008,14,768,slow,365.0,2.92,45625.0,0.03802277035338289
0.008,14,768,slow,367.5,2.94,45937.5,0.0371808500144312
0.008,14,768,slow,370.0,2.96,46250.0,0.036357571922061696
0.008,14,768,slow,372.5,2.98,46562.5,0.035552523289754986
0.008,14,768,slow,375.0,3.0,46875.0,0.03476530047113105
0.008,14,768,slow,377.5,3.02,47187.5,0.03399550875756331
0.008,14,768,slow,380.0,3.04,47500.0,0.0332427621802739
0.008,14,768,slow,382.5,3.06,47812.5,0.03250668331681131
0.008,14,768,slow,385.0,3.08,48125.0,0.0317869031018129
0.008,14,768,slow,387.5,3.1,48437.5,0.031083060641957747
0.008,14,768,slow,390.0,3.12,48750.0,0.030394803035016845
0.008,14,768,slow,392.5,3.14,49062.5,0.02972178519291008
0.008,14,768,slow,395.0,3.16,49375.0,0.02906366966868108
0.008,14,768,slow,397.5,3.18,49687.5,0.028420126487303386
0.008,14,768,slow,400.0,3.2,50000.0,0.027790832980232914
0.008,14,768,slow,402.5,3.22,50312.5,0.02717547362362397
0.008,14,768,slow,405.0,3.24,50625.0,0.026573739880127414
0.008,14,768,slow,407.5,3.2600000000000002,50937.5,0.02598533004419202
0.008,14,768,slow,410.0,3.2800000000000002,51250.0,0.025409949090791046
0.008,14,768,slow,412.5,3.3000000000000003,51562.5,0.024847308527498547
0.008,14,768,slow,415.0,3.3200000000000003,51875.0,0.024297126249841053
0.008,14,768,slow,417.5,3.34,52187.5,0.02375912639985205
0.008,14,768,slow,420.0,3.36,52500.0,0.02323303922775857
0.008,14,768,slow,422.5,3.38,52812.5,0.022718600956730218
0.008,14,768,slow,425.0,3.4,53125.0,0.02221555365062321
0.008,14,768,slow,427.5,3.42,53437.5,0.021723645084652667
0.008,14,768,slow,430.0,3.44,53750.0,0.021242628618928734
0.008,14,768,slow,432.5,3.46,54062.5,0.02077226307479283
0.008,14,768,slow,435.0,3.48,54375.0,0.0203123126138922
0.008,14,768,slow,437.5,3.5,54687.5,0.019862546619931948
0.008,14,768,slow,440.0,3.52,55000.0,0.019422739583045547
0.008,14,768,slow,442.5,3.54,55312.5,0.01899267098672551
0.008,14,768,slow,445.0,3.56,55625.0,0.018572125197257837
0.008,14,768,slow,447.5,3.58,55937.5,0.018160891355604555
0.008,14,768,slow,450.0,3.6,56250.0,0.017758763271680352
0.008,14,768,slow,452.5,3.62,56562.5,0.017365539320970118
0.008,14,768,slow,455.0,3.64,56875.0,0.01698102234343569
0.008,14,768,slow,457.5,3.66,57187.5,0.016605019544661027
0.008,14,768,slow,460.0,3.68,57500.0,0.01623734239918622
0.008,14,768,slow,462.5,3.7,57812.5,0.01587780655598212
0.008,14,768,slow,465.0,3.72,58125.0,0.01552623174601779
0.008,14,768,slow,467.5,3.74,58437.5,0.015182441691874781
0.008,14,768,slow,470.0,3.7600000000000002,58750.0,0.014846264019362655
0.008,14,768,slow,472.5,3.7800000000000002,59062.5,0.014517530171091749
0.008,14,768,slow,475.0,3.8000000000000003,59375.0,0.014196075321959475
0.008,14,768,slow,477.5,3.8200000000000003,59687.5,0.013881738296508028
0.008,14,768,slow,480.0,3.84,60000.0,0.013574361488112073
0.008,14,768,slow,482.5,3.86,60312.5,0.013273790779955729
0.008,14,768,slow,485.0,3.88,60625.0,0.012979875467759364
0.008,14,768,slow,487.5,3.9,60937.5,0.012692468184217376
0.008,14,768,slow,490.0,3.92,61250.0,0.012411424825109202
0.008,14,768,slow,492.5,3.94,61562.5,0.012136604477046325
0.008,14,768,slow,495.0,3.96,61875.0,0.011867869346819184
0.008,14,768,slow,497.5,3.98,62187.5,0.011605084692308495
0.008,14,768,slow,500.0,4.0,62500.0,0.011348118754926433
0.008,14,768,fast,0.0,0.0,0.0,1.0000000000000007
0.008,14,768,fast,0.00016,1.28e-06,0.02,0.9999941879411358
0.008,14,768,fast,0.00032,2.56e-06,0.04,0.9999886893212303
0.008,14,768,fast,0.00048,3.8400000000000005e-06,0.06,0.9999834775909079
0.008,14,768,fast,0.00064,5.12e-06,0.08,0.9999785288608912
0.008,14,768,fast,0.0008,6.4000000000000006e-06,0.1,0.9999738215796105
0.008,14,768,fast,0.00096,7.680000000000001e-06,0.12,0.9999693362587391
0.008,14,768,fast,0.0011200000000000001,8.96e-06,0.14,0.9999650552381346
0.008,14,768,fast,0.00128,1.024e-05,0.16,0.9999609624833727
0.008,14,768,fast,0.0014399999999999999,1.152e-05,0.18,0.9999570434104188
0.008,14,768,fast,0.0016,1.2800000000000001e-05,0.2,0.9999532847330403
0.008,14,768,fast,0.00176,1.408e-05,0.22,0.9999496743293826
0.008,14,768,fast,0.00192,1.5360000000000002e-05,0.24,0.9999462011248036
0.008,14,768,fast,0.0020800000000000003,1.6640000000000003e-05,0.26,0.9999428549885745
0.008,14,768,fast,0.0022400000000000002,1.792e-05,0.28,0.9999396266424764
0.008,14,768,fast,0.0024,1.92e-05,0.3,0.9999365075796521
0.008,14,768,fast,0.00256,2.048e-05,0.32,0.9999334899923468
0.008,14,768,fast,0.00272,2.1760000000000002e-05,0.34,0.9999305667073854
0.008,14,768,fast,0.0028799999999999997,2.304e-05,0.36,0.9999277311284154
0.008,14,768,fast,0.00304,2.432e-05,0.38,0.9999249771840866
0.008,14,768,fast,0.0032,2.5600000000000002e-05,0.4,0.9999222992814599
0.008,14,768,fast,0.00336,2.688e-05,0.42,0.9999196922640425
0.008,14,768,fast,0.00352,2.816e-05,0.44,0.9999171513739199
0.008,14,768,fast,0.00368,2.9440000000000003e-05,0.46,0.9999146722175327
0.008,14,768,fast,0.00384,3.0720000000000004e-05,0.48,0.9999122507347022
0.008,14,768,fast,0.004,3.2e-05,0.5,0.9999098831705591
0.008,14,768,fast,0.0041600000000000005,3.328000000000001e-05,0.52,0.9999075660500699
0.008,14,768,fast,0.00432,3.456e-05,0.54,0.9999052961548955
0.008,14,768,fast,0.0044800000000000005,3.584e-05,0.56,0.9999030705023443
0.008,14,768,fast,0.00464,3.7120000000000004e-05,0.58,0.9999008863262139
0.008,14,768,fast,0.0048,3.84e-05,0.6,0.9998987410593307
0.008,14,768,fast,0.00496,3.968e-05,0.62,0.999896632317627
0.008,14,768,fast,0.00512,4.096e-05,0.64,0.9998945578856056
0.008,14,768,fast,0.00528,4.224e-05,0.66,0.9998925157030605
0.008,14,768,fast,0.00544,4.3520000000000003e-05,0.68,0.9998905038529378
0.008,14,768,fast,0.005600000000000001,4.4800000000000005e-05,0.7000000000000001,0.9998885205502273
0.008,14,768,fast,0.0057599999999999995,4.608e-05,0.72,0.9998865641317933
0.008,14,768,fast,0.00592,4.736e-05,0.74,0.9998846330470585
0.008,14,768,fast,0.00608,4.864e-05,0.76,0.9998827258494594
0.008,14,768,fast,0.006240000000000001,4.992000000000001e-05,0.78,0.9998808411886134
0.008,14,768,fast,0.0064,5.1200000000000004e-05,0.8,0.9998789778031235
0.008,14,768,fast,0.006560000000000001,5.2480000000000006e-05,0.8200000000000001,0.9998771345139735
0.008,14,768,fast,0.00672,5.376e-05,0.84,0.9998753102184548
0.008,14,768,fast,0.00688,5.504e-05,0.86,0.999873503884585
0.008,14,768,fast,0.00704,5.632e-05,0.88,0.99987171454597
0.008,14,768,fast,0.007200000000000001,5.7600000000000004e-05,0.9,0.9998699412970771
0.008,14,768,fast,0.00736,5.8880000000000005e-05,0.92,0.999868183288878
0.008,14,768,fast,0.007520000000000001,6.016000000000001e-05,0.9400000000000001,0.9998664397248361
0.008,14,768,fast,0.00768,6.144000000000001e-05,0.96,0.999864709857207
0.008,14,768,fast,0.00784,6.272e-05,0.98,0.9998629929836226
0.008,14,768,fast,0.008,6.4e-05,1.0,0.9998612884439424
0.008,14,768,fast,0.00816,6.528000000000001e-05,1.02,0.9998595956173429
0.008,14,768,fast,0.008320000000000001,6.656000000000001e-05,1.04,0.9998579139196297
0.008,14,768,fast,0.008480000000000001,6.784000000000001e-05,1.06,0.9998562428007522
0.008,14,768,fast,0.00864,6.912e-05,1.08,0.9998545817425063
0.008,14,768,fast,0.0088,7.04e-05,1.1,0.9998529302564076
0.008,14,768,fast,0.008960000000000001,7.168e-05,1.12,0.9998512878817223
0.008,14,768,fast,0.009120000000000001,7.296e-05,1.1400000000000001,0.9998496541836451
0.008,14,768,fast,0.00928,7.424000000000001e-05,1.16,0.999848028751608
0.008,14,768,fast,0.00944,7.552000000000001e-05,1.18,0.9998464111977149
0.008,14,768,fast,0.0096,7.68e-05,1.2,0.9998448011552883
0.008,14,768,fast,0.00976,7.808e-05,1.22,0.99984319827752
0.008,14,768,fast,0.00992,7.936e-05,1.24,0.99984160223622
0.008,14,768,fast,0.01008,8.064e-05,1.26,0.999840012720652
0.008,14,768,fast,0.01024,8.192e-05,1.28,0.9998384294364525
0.008,14,768,fast,0.010400000000000001,8.320000000000002e-05,1.3,0.9998368521046263
0.008,14,768,fast,0.01056,8.448e-05,1.32,0.9998352804606087
0.008,14,768,fast,0.01072,8.576e-05,1.34,0.9998337142533967
0.008,14,768,fast,0.01088,8.704000000000001e-05,1.36,0.9998321532447372
0.008,14,768,fast,0.011040000000000001,8.832000000000001e-05,1.3800000000000001,0.9998305972083705
0.008,14,768,fast,0.011200000000000002,8.960000000000001e-05,1.4000000000000001,0.9998290459293262
0.008,14,768,fast,0.01136,9.088000000000001e-05,1.42,0.9998274992032657
0.008,14,768,fast,0.011519999999999999,9.216e-05,1.44,0.9998259568358687
0.008,14,768,fast,0.01168,9.344e-05,1.46,0.9998244186422605
0.008,14,768,fast,0.01184,9.472e-05,1.48,0.9998228844464758
0.008,14,768,fast,0.012,9.6e-05,1.5,0.9998213540809594
0.008,14,768,fast,0.01216,9.728e-05,1.52,0.9998198273860978
0.008,14,768,fast,0.012320000000000001,9.856e-05,1.54,0.9998183042097811
0.008,14,768,fast,0.012480000000000002,9.984000000000002e-05,1.56,0.9998167844069928
0.008,14,768,fast,0.01264,0.00010112000000000001,1.58,0.9998152678394272
0.008,14,768,fast,0.0128,0.00010240000000000001,1.6,0.9998137543751264
0.008,14,768,fast,0.012960000000000001,0.00010368000000000001,1.62,0.999812243888146
0.008,14,768,fast,0.013120000000000001,0.00010496000000000001,1.6400000000000001,0.9998107362582354
0.008,14,768,fast,0.013280000000000002,0.00010624000000000001,1.6600000000000001,0.9998092313705425
0.008,14,768,fast,0.01344,0.00010752,1.68,0.9998077291153332
0.008,14,768,fast,0.0136,0.0001088,1.7,0.999806229387729
0.008,14,768,fast,0.01376,0.00011008,1.72,0.9998047320874602
0.008,14,768,fast,0.01392,0.00011136,1.74,0.9998032371186344
0.008,14,768,fast,0.01408,0.00011264,1.76,0.9998017443895153
0.008,14,768,fast,0.014240000000000001,0.00011392000000000001,1.78,0.9998002538123202
0.008,14,768,fast,0.014400000000000001,0.00011520000000000001,1.8,0.9997987653030227
0.008,14,768,fast,0.01456,0.00011648,1.82,0.9997972787811723
0.008,14,768,fast,0.01472,0.00011776000000000001,1.84,0.9997957941697199
0.008,14,768,fast,0.01488,0.00011904000000000001,1.86,0.9997943113948555
0.008,14,768,fast,0.015040000000000001,0.00012032000000000001,1.8800000000000001,0.999792830385855
0.008,14,768,fast,0.015200000000000002,0.00012160000000000001,1.9000000000000001,0.9997913510749331
0.008,14,768,fast,0.01536,0.00012288000000000002,1.92,0.9997898733971081
0.008,14,768,fast,0.015519999999999999,0.00012416,1.94,0.9997883972900701
0.008,14,768,fast,0.01568,0.00012544,1.96,0.9997869226940581
0.008,14,768,fast,0.01584,0.00012672,1.98,0.9997854495517451
0.008,14,768,fast,0.016,0.000128,2.0,0.9997839778081262
0.008,14,768,fast,0.01616,0.00012928,2.02,0.9997825074104141
0.008,14,768,fast,0.01632,0.00013056000000000002,2.04,0.9997810383079413
0.008,14,768,fast,0.01648,0.00013184,2.06,0.9997795704520646
0.008,14,768,fast,0.016640000000000002,0.00013312000000000003,2.08,0.9997781037960761
0.008,14,768,fast,0.016800000000000002,0.00013440000000000001,2.1,0.9997766382951204
0.008,14,768,fast,0.016960000000000003,0.00013568000000000003,2.12,0.9997751739061106
0.008,14,768,fast,0.01712,0.00013696,2.14,0.9997737105876551
0.008,14,768,fast,0.01728,0.00013824,2.16,0.9997722482999823
0.008,14,768,fast,0.01744,0.00013952000000000002,2.18,0.9997707870048743
0.008,14,768,fast,0.0176,0.0001408,2.2,0.9997693266655976
0.008,14,768,fast,0.01776,0.00014208000000000002,2.22,0.9997678672468435
0.008,14,768,fast,0.017920000000000002,0.00014336,2.24,0.9997664087146667
0.008,14,768,fast,0.018080000000000002,0.00014464000000000002,2.2600000000000002,0.999764951036429
0.008,14,768,fast,0.018240000000000003,0.00014592,2.2800000000000002,0.9997634941807447
0.008,14,768,fast,0.018400000000000003,0.00014720000000000003,2.3000000000000003,0.9997620381174304
0.008,14,768,fast,0.01856,0.00014848000000000001,2.32,0.9997605828174524
0.008,14,768,fast,0.01872,0.00014976,2.34,0.9997591282528844
0.008,14,768,fast,0.01888,0.00015104000000000002,2.36,0.9997576743968584
0.008,14,768,fast,0.019039999999999998,0.00015231999999999998,2.38,0.9997562212235237
0.008,14,768,fast,0.0192,0.0001536,2.4,0.9997547687080066
0.008,14,768,fast,0.01936,0.00015487999999999998,2.42,0.9997533168263695
0.008,14,768,fast,0.01952,0.00015616,2.44,0.9997518655555753
0.008,14,768,fast,0.01968,0.00015744,2.46,0.9997504148734501
0.008,14,768,fast,0.01984,0.00015872,2.48,0.9997489647586503
0.008,14,768,fast,0.02,0.00016,2.5,0.9997475151906294
0.008,14,768,fast,0.02016,0.00016128,2.52,0.9997460661496063
0.008,14,768,fast,0.02032,0.00016256000000000002,2.54,0.9997446176165359
0.008,14,768,fast,0.02048,0.00016384,2.56,0.9997431695730804
0.008,14,768,fast,0.020640000000000002,0.00016512000000000002,2.58,0.9997417220015813
0.008,14,768,fast,0.020800000000000003,0.00016640000000000003,2.6,0.9997402748850341
0.008,14,768,fast,0.020960000000000003,0.00016768000000000002,2.62,0.9997388282070618
0.008,14,768,fast,0.02112,0.00016896,2.64,0.9997373819518921
0.008,14,768,fast,0.02128,0.00017024,2.66,0.9997359361043328
0.008,14,768,fast,0.02144,0.00017152,2.68,0.9997344906497506
0.008,14,768,fast,0.0216,0.00017280000000000003,2.7,0.9997330455740502
0.008,14,768,fast,0.02176,0.00017408000000000001,2.72,0.9997316008636523
0.008,14,768,fast,0.021920000000000002,0.00017536000000000003,2.74,0.9997301565054755
0.008,14,768,fast,0.022080000000000002,0.00017664000000000002,2.7600000000000002,0.9997287124869164
0.008,14,768,fast,0.022240000000000003,0.00017792000000000003,2.7800000000000002,0.9997272687958326
0.008,14,768,fast,0.022400000000000003,0.00017920000000000002,2.8000000000000003,0.9997258254205243
0.008,14,768,fast,0.02256,0.00018048,2.82,0.9997243823497188
0.008,14,768,fast,0.02272,0.00018176000000000002,2.84,0.9997229395725531
0.008,14,768,fast,0.02288,0.00018304,2.86,0.9997214970785602
0.008,14,768,fast,0.023039999999999998,0.00018432,2.88,0.9997200548576524
0.008,14,768,fast,0.0232,0.00018559999999999998,2.9,0.9997186129001093
0.008,14,768,fast,0.02336,0.00018688,2.92,0.9997171711965623
0.008,14,768,fast,0.02352,0.00018816,2.94,0.9997157297379836
0.008,14,768,fast,0.02368,0.00018944,2.96,0.9997142885156702
0.008,14,768,fast,0.02384,0.00019072000000000002,2.98,0.9997128475212358
0.008,14,768,fast,0.024,0.000192,3.0,0.9997114067465969
0.008,14,768,fast,0.02416,0.00019328000000000002,3.02,0.9997099661839612
0.008,14,768,fast,0.02432,0.00019456,3.04,0.999708525825819
0.008,14,768,fast,0.024480000000000002,0.00019584000000000002,3.06,0.9997070856649305
0.008,14,768,fast,0.024640000000000002,0.00019712,3.08,0.9997056456943172
0.008,14,768,fast,0.024800000000000003,0.00019840000000000002,3.1,0.9997042059072526
0.008,14,768,fast,0.024960000000000003,0.00019968000000000004,3.12,0.9997027662972516
0.008,14,768,fast,0.02512,0.00020096,3.14,0.9997013268580631
0.008,14,768,fast,0.02528,0.00020224000000000002,3.16,0.9996998875836602
0.008,14,768,fast,0.02544,0.00020352,3.18,0.9996984484682336
0.008,14,768,fast,0.0256,0.00020480000000000002,3.2,0.9996970095061819
0.008,14,768,fast,0.02576,0.00020608,3.22,0.9996955706921054
0.008,14,768,fast,0.025920000000000002,0.00020736000000000002,3.24,0.9996941320207977
0.008,14,768,fast,0.026080000000000002,0.00020864000000000004,3.2600000000000002,0.9996926934872395
0.008,14,768,fast,0.026240000000000003,0.00020992000000000002,3.2800000000000002,0.9996912550865922
0.008,14,768,fast,0.026400000000000003,0.00021120000000000004,3.3000000000000003,0.9996898168141889
0.008,14,768,fast,0.026560000000000004,0.00021248000000000003,3.3200000000000003,0.9996883786655322
0.008,14,768,fast,0.02672,0.00021376,3.34,0.9996869406362838
0.008,14,768,fast,0.02688,0.00021504,3.36,0.999685502722262
0.008,14,768,fast,0.027039999999999998,0.00021632,3.38,0.9996840649194345
0.008,14,768,fast,0.0272,0.0002176,3.4,0.9996826272239131
0.008,14,768,fast,0.02736,0.00021888,3.42,0.9996811896319486
0.008,14,768,fast,0.02752,0.00022016,3.44,0.9996797521399263
0.008,14,768,fast,0.02768,0.00022144,3.46,0.9996783147443602
0.008,14,768,fast,0.02784,0.00022272,3.48,0.9996768774418895
0.008,14,768,fast,0.028,0.000224,3.5,0.9996754402292732
0.008,14,768,fast,0.02816,0.00022528,3.52,0.9996740031033858
0.008,14,768,fast,0.02832,0.00022656000000000003,3.54,0.9996725660612141
0.008,14,768,fast,0.028480000000000002,0.00022784000000000001,3.56,0.9996711290998517
0.008,14,768,fast,0.028640000000000002,0.00022912000000000003,3.58,0.9996696922164964
0.008,14,768,fast,0.028800000000000003,0.00023040000000000002,3.6,0.999668255408446
0.008,14,768,fast,0.028960000000000003,0.00023168000000000003,3.62,0.9996668186730944
0.008,14,768,fast,0.02912,0.00023296,3.64,0.999665382007929
0.008,14,768,fast,0.02928,0.00023424,3.66,0.9996639454105265
0.008,14,768,fast,0.02944,0.00023552000000000002,3.68,0.9996625088785499
0.008,14,768,fast,0.0296,0.0002368,3.7,0.9996610724097457
0.008,14,768,fast,0.02976,0.00023808000000000002,3.72,0.9996596360019406
0.008,14,768,fast,0.029920000000000002,0.00023936,3.74,0.9996581996530391
0.008,14,768,fast,0.030080000000000003,0.00024064000000000003,3.7600000000000002,0.9996567633610197
0.008,14,768,fast,0.030240000000000003,0.00024192000000000004,3.7800000000000002,0.9996553271239339
0.008,14,768,fast,0.030400000000000003,0.00024320000000000003,3.8000000000000003,0.9996538909399016
0.008,14,768,fast,0.030560000000000004,0.00024448000000000004,3.8200000000000003,0.9996524548071105
0.008,14,768,fast,0.03072,0.00024576000000000003,3.84,0.9996510187238122
0.008,14,768,fast,0.03088,0.00024704,3.86,0.9996495826883208
0.008,14,768,fast,0.031039999999999998,0.00024832,3.88,0.9996481466990109
0.008,14,768,fast,0.0312,0.0002496,3.9,0.9996467107543142
0.008,14,768,fast,0.03136,0.00025088,3.92,0.9996452748527186
0.008,14,768,fast,0.03152,0.00025216,3.94,0.9996438389927659
0.008,14,768,fast,0.03168,0.00025344,3.96,0.9996424031730495
0.008,14,768,fast,0.03184,0.00025472,3.98,0.9996409673922132
0.008,14,768,fast,0.032,0.000256,4.0,0.999639531648949
0.008,14,768,long_tail,502.49999999999994,4.02,62812.49999999999,0.011096842693553686
0.008,14,768,long_tail,512.2138871749867,4.097711097399894,64026.73589687333,0.010172192622377244
0.008,14,768,long_tail,522.1155546565375,4.1769244372523,65264.444332067185,0.009308919994903197
0.008,14,768,long_tail,532.2086324480584,4.257669059584468,66526.07905600731,0.00850431771481193
0.008,14,768,long_tail,542.4968207249827,4.339974565799862,67812.10259062285,0.00775569495882665
0.008,14,768,long_tail,552.9838911912746,4.4238711295301965,69122.98639890931,0.007060384530387092
0.008,14,768,long_tail,563.6736884621546,4.509389507697237,70459.21105776932,0.006415749931548717
0.008,14,768,long_tail,574.5701314735577,4.596561051788462,71821.26643419471,0.00581919211752862
0.008,14,768,long_tail,585.6772149188342,4.685417719350674,73209.65186485428,0.00526815590074096
0.008,14,768,long_tail,596.9990107132264,4.775992085705812,74624.8763391533,0.004760135973891378
0.008,14,768,long_tail,608.5396694866535,4.868317355893228,76067.45868583168,0.004292682524710261
0.008,14,768,long_tail,620.3034221053542,4.962427376842834,77537.92776316928,0.0038634064181684853
0.008,14,768,long_tail,632.2945812229456,5.058356649783565,79036.8226528682,0.0034699839255056624
0.008,14,768,long_tail,644.5175428614634,5.156140342891708,80564.69285768292,0.0031101609830734536
0.008,14,768,long_tail,656.976788022968,5.255814304183744,82122.098502871,0.002781756967816708
0.008,14,768,long_tail,669.6768843323022,5.357415074658418,83709.61054153777,0.0024826679801416393
0.008,14,768,long_tail,682.622487711607,5.460979901692856,85327.81096395088,0.002210869628908858
0.008,14,768,long_tail,695.8183440872077,5.566546752697662,86977.29301090096,0.001964419317295168
0.008,14,768,long_tail,709.269291129495,5.67415432903596,88658.66139118686,0.001741458032245507
0.008,14,768,long_tail,722.9802600264399,5.783842080211519,90372.53250330497,0.0015402116441386939
0.008,14,768,long_tail,736.9562772913941,5.895650218331153,92119.53466142426,0.0013589917270728348
0.008,14,768,long_tail,751.2024666058356,6.009619732846685,93900.30832572945,0.0011961959137935109
0.008,14,768,long_tail,765.7240506977382,6.1257924055819055,95715.50633721727,0.0010503078026982175
0.008,14,768,long_tail,780.5263532562489,6.244210826049991,97565.79415703111,0.0009198964375145706
0.008,14,768,long_tail,795.6148008833836,6.364918407067069,99451.85011042295,0.0008036153831311143
0.008,14,768,long_tail,810.994925083445,6.48795940066756,101374.36563543061,0.0007002014236269582
0.008,14,768,long_tail,826.6723642909026,6.613378914327221,103334.04553636281,0.0006084729107716569
0.008,14,768,long_tail,842.6528659374727,6.7412229274997815,105331.60824218408,0.0005273277931286411
0.008,14,768,long_tail,858.942288559156,6.871538308473249,107367.7860698945,0.00045574135737670257
0.008,14,768,long_tail,875.5466039440091,7.0043728315520735,109443.32549300113,0.0003927637145542618
0.008,14,768,long_tail,892.471899321432,7.139775194571456,111558.987415179,0.0003375170646256231
0.008,14,768,long_tail,909.7243795937796,7.277795036750237,113715.54744922246,0.0002891927730684538
0.008,14,768,long_tail,927.3103696111106,7.418482956888885,115913.79620138882,0.00024704829309498105
0.008,14,768,long_tail,945.2363164899122,7.561890531919297,118154.53956123901,0.0002104039666590813
0.008,14,768,long_tail,963.5087919766445,7.708070335813156,120438.59899708055,0.00017863973658661985
0.008,14,768,long_tail,982.1344948569811,7.857075958855849,122766.81185712264,0.00015119180102104605
0.008,14,768,long_tail,1001.1202534116148,8.008962027292919,125140.03167645185,0.00012754923992931854
0.008,14,768,long_tail,1020.4730279195444,8.163784223356355,127559.12848994305,0.00010725064169727578
0.008,14,768,long_tail,1040.1999132097487,8.32159930567799,130024.98915121859,8.988075589492722e-05
0.008,14,768,long_tail,1060.3081412621877,8.482465130097502,132538.51765777345,7.506719614933208e-05
0.008,14,768,long_tail,1080.8050838590852,8.646440670872682,135100.63548238564,6.247721476630769e-05
0.008,14,768,long_tail,1101.698255287462,8.813586042299695,137712.28191093274,5.1814568333514326e-05
0.008,14,768,long_tail,1122.9953150939143,8.983962520751314,140374.41438673928,4.2816491057947314e-05
0.008,14,768,long_tail,1144.7040708926427,9.15763256714114,143088.00886158034,3.525079008131352e-05
0.008,14,768,long_tail,1166.8324812277658,9.334659849822126,145854.06015347072,2.891307451634028e-05
0.008,14,768,long_tail,1189.3886584909628,9.515109267927702,148673.58231137035,2.362412749279815e-05
0.008,14,768,long_tail,1212.3808718955202,9.699046975164162,151547.60898694003,1.9227428127942543e-05
0.008,14,768,long_tail,1235.8175505078689,9.88654040406295,154477.1938134836,1.5586828072861697e-05
0.008,14,768,long_tail,1259.7072863377239,10.077658290701791,157463.4107922155,1.2584385160529496e-05
0.008,14,768,long_tail,1284.05883748796,10.27247069990368,160507.354685995,1.0118354715658949e-05
0.008,14,768,long_tail,1308.881131365378,10.471049050923025,163610.14142067224,8.101337298663983e-06
0.008,14,768,long_tail,1334.1832679535426,10.67346614362834,166772.90849419282,6.458580059494861e-06
0.008,14,768,long_tail,1359.9745231488773,10.879796185191019,169996.81539360966,5.1264274805431915e-06
0.008,14,768,long_tail,1386.2643521612652,11.090114817290122,173283.04402015815,4.050916095455001e-06
0.008,14,768,long_tail,1413.062392980371,11.304499143842968,176632.79912254636,3.1865067825420627e-06
0.008,14,768,long_tail,1440.3784699089845,11.523027759271876,180047.30873862305,2.494947443576486e-06
0.008,14,768,long_tail,1468.2225971646587,11.74578077731727,183527.82464558232,1.9442582836079953e-06
0.008,14,768,long_tail,1496.6049825509742,11.972839860407793,187075.62281887178,1.5078314944689512e-06
0.008,14,768,long_tail,1525.536031199777,12.204288249598216,190692.00389997213,1.1636369006777714e-06
0.008,14,768,long_tail,1555.0263493857506,12.440210795086005,194378.2936732188,8.935250363143396e-07
0.008,14,768,long_tail,1585.0867484147357,12.680693987317886,198135.84355184194,6.826191684210671e-07
0.008,14,768,long_tail,1615.7282485872076,12.925825988697662,201966.03107340095,5.187879489210951e-07
0.008,14,768,long_tail,1646.9620832383828,13.175696665907063,205870.26040479785,3.921906448315225e-07
0.008,14,768,long_tail,1678.799702856411,13.430397622851288,209849.96285705137,2.9488724761342384e-07
0.008,14,768,long_tail,1711.2527792801889,13.69002223424151,213906.5974100236,2.2050617923284779e-07
0.008,14,768,long_tail,1744.3332099783186,13.95466567982655,218041.65124728982,1.6396277814323066e-07
0.008,14,768,long_tail,1778.0531224107806,14.224424979286246,222256.64030134756,1.2122224732538074e-07
0.008,14,768,long_tail,1812.4248784749232,14.499399027799386,226553.10980936539,8.910126452194905e-08
0.008,14,768,long_tail,1847.4610790373997,14.779688632299198,230932.63487967497,6.510297923917448e-08
0.008,14,768,long_tail,1883.1745685537162,15.06539654842973,235396.82106921452,4.72806410066445e-08
0.008,14,768,long_tail,1919.5784397770706,15.356627518216564,239947.3049721338,3.412560956790256e-08
0.008,14,768,long_tail,1956.6860385582277,15.653488308465821,244585.75481977846,2.447598263006455e-08
0.008,14,768,long_tail,1994.5109687381805,15.956087749905445,249313.87109227254,1.744253470758601e-08
0.008,14,768,long_tail,2033.0670971353877,16.2645367770831,254133.38714192345,1.2349087202138637e-08
0.008,14,768,long_tail,2072.3685586294205,16.578948469035364,259046.06982867754,8.684822353328049e-09
0.008,14,768,long_tail,2112.4297613428853,16.899438090743082,264053.7201678607,6.06641054170993e-09
0.008,14,768,long_tail,2153.2653919235195,17.226123135388157,269158.1739904399,4.208141205001285e-09
0.008,14,768,long_tail,2194.8904209283937,17.55912336742715,274361.3026160492,2.898532851912494e-09
0.008,14,768,long_tail,2237.3201083121908,17.898560866497526,279665.0135390238,1.982148591607431e-09
0.008,14,768,long_tail,2280.5700090215914,18.24456007217273,285071.2511276989,1.3455620893339745e-09
0.008,14,768,long_tail,2324.6559786977996,18.597247829582397,290581.99733722495,9.066071819356128e-10
0.008,14,768,long_tail,2369.594179489301,18.956753435914408,296199.27243616263,6.062050902188604e-10
0.008,14,768,long_tail,2415.401085976991,19.323208687815928,301925.13574712386,4.02198948660547e-10
0.008,14,768,long_tail,2462.0934912138487,19.69674792971079,307761.6864017311,2.6473897965950616e-10
0.008,14,768,long_tail,2509.688512881353,20.077508103050825,313711.06411016907,1.728557671132697e-10
0.008,14,768,long_tail,2558.2035995649157,20.465628796519326,319775.44994561444,1.119363159366534e-10
0.008,14,768,long_tail,2607.6565371506244,20.861252297204995,325957.067143828,7.188033854387696e-11
0.008,14,768,long_tail,2658.0654553456457,21.264523642765166,332258.1819182057,4.576470499889386e-11
0.008,14,768,long_tail,2709.4488343246667,21.675590674597334,338681.10429058335,2.888422939787557e-11
0.008,14,768,long_tail,2761.825511504824,22.094604092038594,345228.18893810303,1.8068711986702114e-11
0.008,14,768,long_tail,2815.214688451606,22.52171750761285,351901.83605645073,1.1200958984921973e-11
0.008,14,768,long_tail,2869.6359379182427,22.957087503345942,358704.4922397803,6.8796871076664384e-12
0.008,14,768,long_tail,2925.1092110211794,23.400873688169437,365638.6513776474,4.185911375688264e-12
0.008,14,768,long_tail,2981.654844554262,23.8532387564341,372706.8555692828,2.522552007344451e-12
0.008,14,768,long_tail,3039.2935684443173,24.314348547554538,379911.69605553965,1.5053529945109809e-12
0.008,14,768,long_tail,3098.046513350848,24.78437210680678,387255.81416885596,8.894110107123647e-13
0.008,14,768,long_tail,3157.935218412643,25.263481747301142,394741.90230158035,5.201741890371594e-13
0.008,14,768,long_tail,3218.98163914414,25.75185311315312,402372.7048930175,3.0108688616047763e-13
0.008,14,768,long_tail,3281.2081554844403,26.249665243875523,410151.01943555503,1.724426042581317e-13
0.008,14,768,long_tail,3344.6375800018986,26.75710064001519,418079.6975002373,9.770533122504853e-14
0.008,14,768,long_tail,3409.2931662573396,27.27434533005872,426161.64578216744,5.475483241058263e-14
0.008,14,768,long_tail,3475.1986173289356,27.801588938631486,434399.8271661169,3.034344955291179e-14
0.008,14,768,long_tail,3542.378094501879,28.339024756015032,442797.2618127348,1.6624621697400887e-14
0.008,14,768,long_tail,3610.8562261260313,28.88684980900825,451357.0282657539,9.00299720691659e-15
0.008,14,768,long_tail,3680.6581166448104,29.445264933158484,460082.2645806013,4.818072519796311e-15
0.008,14,768,long_tail,3751.809355798615,30.01447484638892,468976.16947482683,2.547480594867822e-15
0.008,14,768,long_tail,3824.3360280061556,30.594688224049246,478042.00350076944,1.3304492367506284e-15
0.008,14,768,long_tail,3898.264721927128,31.186117775417024,487283.090240891,6.861707186347489e-16
0.008,14,768,long_tail,3973.622540209777,31.788980321678217,496702.81752622215,3.4938727115084077e-16
0.008,14,768,long_tail,4050.437109426857,32.40349687541486,506304.6386783571,1.7559637257884304e-16
0.008,14,768,long_tail,4128.736590203679,33.02989272162943,516092.0737754599,8.708593655862993e-17
0.008,14,768,long_tail,4208.549687541944,33.66839750033555,526068.710942743,4.260817007928961e-17
0.008,14,768,long_tail,4289.905661343154,34.31924529074523,536238.2076678942,2.056062410690279e-17
0.008,14,768,long_tail,4372.834337135442,34.98267469708354,546604.2921419303,9.78277903175513e-18
0.008,14,768,long_tail,4457.366117007767,35.65892893606213,557170.7646259709,4.588307094916565e-18
0.008,14,768,long_tail,4543.531990755472,36.34825592604378,567941.498844434,2.1207352265529996e-18
0.008,14,768,long_tail,4631.363547241327,37.05090837793062,578920.4434051659,9.656979041319402e-19
0.008,14,768,long_tail,4720.892985976153,37.767143887809226,590111.6232470191,4.331035506990259e-19
0.008,14,768,long_tail,4812.1531289233335,38.49722503138667,601519.1411154167,1.91253832323763e-19
0.008,14,768,long_tail,4905.177432531535,39.241419460252274,613147.1790664418,8.31316416551129e-20
0.008,14,768,long_tail,5000.0,40.0,625000.0,3.555721373110253e-20
0.016,14,768,slow,0.0,0.0,0.0,0.9999999999999989
0.016,14,768,slow,1.25,0.02,78.125,0.9775214188335926
0.016,14,768,slow,2.5,0.04,156.25,0.9558323879685051
0.016,14,768,slow,3.75,0.06,234.375,0.934627270555267
0.016,14,768,slow,5.0,0.08,312.5,0.9138949390521027
0.016,14,768,slow,6.25,0.1,390.625,0.8936245682608439
0.016,14,768,slow,7.5,0.12,468.75,0.8738056187879907
0.016,14,768,slow,8.75,0.14,546.875,0.8544278233747151
0.016,14,768,slow,10.0,0.16,625.0,0.8354811751290506
0.016,14,768,slow,11.25,0.18,703.125,0.8169559171270778
0.016,14,768,slow,12.5,0.2,781.25,0.7988425330579821
0.016,14,768,slow,13.75,0.22,859.375,0.781131738698419
0.016,14,768,slow,15.0,0.24,937.5,0.7638144740658146
0.016,14,768,slow,16.25,0.26,1015.625,0.7468818961402992
0.016,14,768,slow,17.5,0.28,1093.75,0.7303253720714599
0.016,14,768,slow,18.75,0.3,1171.875,0.7141364728044383
0.016,14,768,slow,20.0,0.32,1250.0,0.6983069670730615
0.016,14,768,slow,21.25,0.34,1328.125,0.682828815717436
0.016,14,768,slow,22.5,0.36,1406.25,0.6676941662908252
0.016,14,768,slow,23.75,0.38,1484.375,0.6528953479263605
0.016,14,768,slow,25.0,0.4,1562.5,0.6384248664386544
0.016,14,768,slow,26.25,0.42,1640.625,0.6242753996390132
0.016,14,768,slow,27.5,0.44,1718.75,0.6104397928458813
0.016,14,768,slow,28.75,0.46,1796.875,0.5969110545745826
0.016,14,768,slow,30.0,0.48,1875.0,0.5836823523924268
0.016,14,768,slow,31.25,0.5,1953.125,0.5707470089269409
0.016,14,768,slow,32.5,0.52,2031.25,0.5580984980164116
0.016,14,768,slow,33.75,0.54,2109.375,0.5457304409931416
0.016,14,768,slow,35.0,0.56,2187.5,0.5336366030908584
0.016,14,768,slow,36.25,0.58,2265.625,0.5218108899686232
0.016,14,768,slow,37.5,0.6,2343.75,0.5102473443443578
0.016,14,768,slow,38.75,0.62,2421.875,0.49894014273178555
0.016,14,768,slow,40.0,0.64,2500.0,0.48788359227518224
0.016,14,768,slow,41.25,0.66,2578.125,0.47707212767684504
0.016,14,768,slow,42.5,0.68,2656.25,0.466500308212651
0.016,14,768,slow,43.75,0.7000000000000001,2734.375,0.45616281483147725
0.016,14,768,slow,45.0,0.72,2812.5,0.4460544473346178
0.016,14,768,slow,46.25,0.74,2890.625,0.43617012163164415
0.016,14,768,slow,47.5,0.76,2968.75,0.42650486706944585
0.016,14,768,slow,48.75,0.78,3046.875,0.4170538238314343
0.016,14,768,slow,50.0,0.8,3125.0,0.40781224040412273
0.016,14,768,slow,51.25,0.8200000000000001,3203.125,0.39877547110849465
0.016,14,768,slow,52.5,0.84,3281.25,0.3899389736937556
0.016,14,768,slow,53.75,0.86,3359.375,0.3812983069912251
0.016,14,768,slow,55.0,0.88,3437.5,0.37284912862627334
0.016,14,768,slow,56.25,0.9,3515.625,0.36458719278633883
0.016,14,768,slow,57.5,0.92,3593.75,0.3565083480431822
0.016,14,768,slow,58.75,0.9400000000000001,3671.875,0.3486085352276424
0.016,14,768,slow,60.0,0.96,3750.0,0.34088378535525515
0.016,14,768,slow,61.25,0.98,3828.125,0.33333021760118886
0.016,14,768,slow,62.5,1.0,3906.25,0.3259440373230283
0.016,14,768,slow,63.75,1.02,3984.375,0.3187215341300161
0.016,14,768,slow,65.0,1.04,4062.5,0.3116590799974266
0.016,14,768,slow,66.25,1.06,4140.625,0.30475312742480976
0.016,14,768,slow,67.5,1.08,4218.75,0.29800020763690105
0.016,14,768,slow,68.75,1.1,4296.875,0.291396928826045
0.016,14,768,slow,70.0,1.12,4375.0,0.2849399744350283
0.016,14,768,slow,71.25,1.1400000000000001,4453.125,0.27862610147926375
0.016,14,768,slow,72.5,1.16,4531.25,0.2724521389073094
0.016,14,768,slow,73.75,1.18,4609.375,0.2664149859987432
0.016,14,768,slow,75.0,1.2,4687.5,0.2605116107984507
0.016,14,768,slow,76.25,1.22,4765.625,0.2547390485864194
0.016,14,768,slow,77.5,1.24,4843.75,0.24909440038215963
0.016,14,768,slow,78.75,1.26,4921.875,0.24357483148290698
0.016,14,768,slow,80.0,1.28,5000.0,0.23817757003478418
0.016,14,768,slow,81.25,1.3,5078.125,0.23289990563613078
0.016,14,768,slow,82.5,1.32,5156.25,0.22773918797222953
0.016,14,768,slow,83.75,1.34,5234.375,0.2226928254806853
0.016,14,768,slow,85.0,1.36,5312.5,0.21775828404673175
0.016,14,768,slow,86.25,1.3800000000000001,5390.625,0.21293308572776357
0.016,14,768,slow,87.5,1.4000000000000001,5468.75,0.20821480750641116
0.016,14,768,slow,88.75,1.42,5546.875,0.20360108007149502
0.016,14,768,slow,90.0,1.44,5625.0,0.19908958662621268
0.016,14,768,slow,91.25,1.46,5703.125,0.19467806172293203
0.016,14,768,slow,92.5,1.48,5781.25,0.19036429012397812
0.016,14,768,slow,93.75,1.5,5859.375,0.18614610568781834
0.016,14,768,slow,95.0,1.52,5937.5,0.18202139028006661
0.016,14,768,slow,96.25,1.54,6015.625,0.17798807270873998
0.016,14,768,slow,97.5,1.56,6093.75,0.17404412768321803
0.016,14,768,slow,98.75,1.58,6171.875,0.17018757479636634
0.016,14,768,slow,100.0,1.6,6250.0,0.1664164775293011
0.016,14,768,slow,101.25,1.62,6328.125,0.16272894227828255
0.016,14,768,slow,102.5,1.6400000000000001,6406.25,0.15912311740323964
0.016,14,768,slow,103.75,1.6600000000000001,6484.375,0.15559719229743757
0.016,14,768,slow,105.0,1.68,6562.5,0.15214939647781417
0.016,14,768,slow,106.25,1.7,6640.625,0.1487779986955207
0.016,14,768,slow,107.5,1.72,6718.75,0.14548130606621384
0.016,14,768,slow,108.75,1.74,6796.875,0.14225766321965697
0.016,14,768,slow,110.0,1.76,6875.0,0.13910545146819833
0.016,14,768,slow,111.25,1.78,6953.125,0.13602308799370408
0.016,14,768,slow,112.5,1.8,7031.25,0.13300902505253429
0.016,14,768,slow,113.75,1.82,7109.375,0.13006174919815883
0.016,14,768,slow,115.0,1.84,7187.5,0.12717978052101978
0.016,14,768,slow,116.25,1.86,7265.625,0.12436167190525553
0.016,14,768,slow,117.5,1.8800000000000001,7343.75,0.12160600830191202
0.016,14,768,slow,118.75,1.9000000000000001,7421.875,0.11891140601827223
0.016,14,768,slow,120.0,1.92,7500.0,0.1162765120229465
0.016,14,768,slow,121.25,1.94,7578.125,0.11370000326637271
0.016,14,768,slow,122.5,1.96,7656.25,0.11118058601638299
0.016,14,768,slow,123.75,1.98,7734.375,0.10871699520850257
0.016,14,768,slow,125.0,2.0,7812.5,0.10630799381065326
0.016,14,768,slow,126.25,2.02,7890.625,0.10395237220194099
0.016,14,768,slow,127.5,2.04,7968.75,0.10164894756521538
0.016,14,768,slow,128.75,2.06,8046.875,0.09939656329309428
0.016,14,768,slow,130.0,2.08,8125.0,0.09719408840715556
0.016,14,768,slow,131.25,2.1,8203.125,0.09504041699000287
0.016,14,768,slow,132.5,2.12,8281.25,0.0929344676299201
0.016,14,768,slow,133.75,2.14,8359.375,0.0908751828778348
0.016,14,768,slow,135.0,2.16,8437.5,0.08886152871631792
0.016,14,768,slow,136.25,2.18,8515.625,0.08689249404035217
0.016,14,768,slow,137.5,2.2,8593.75,0.08496709014960845
0.016,14,768,slow,138.75,2.22,8671.875,0.08308435025197479
0.016,14,768,slow,140.0,2.24,8750.0,0.0812433289780884
0.016,14,768,slow,141.25,2.2600000000000002,8828.125,0.07944310190662644
0.016,14,768,slow,142.5,2.2800000000000002,8906.25,0.07768276510011744
0.016,14,768,slow,143.75,2.3000000000000003,8984.375,0.07596143465103972
0.016,14,768,slow,145.0,2.32,9062.5,0.07427824623797864
0.016,14,768,slow,146.25,2.34,9140.625,0.0726323546916201
0.016,14,768,slow,147.5,2.36,9218.75,0.07102293357036168
0.016,14,768,slow,148.75,2.38,9296.875,0.06944917474532848
0.016,14,768,slow,150.0,2.4,9375.0,0.06791028799458529
0.016,14,768,slow,151.25,2.42,9453.125,0.06640550060634093
0.016,14,768,slow,152.5,2.44,9531.25,0.06493405699094561
0.016,14,768,slow,153.75,2.46,9609.375,0.06349521830148633
0.016,14,768,slow,155.0,2.48,9687.5,0.06208826206278994
0.016,14,768,slow,156.25,2.5,9765.625,0.06071248180864704
0.016,14,768,slow,157.5,2.52,9843.75,0.05936718672707515
0.016,14,768,slow,158.75,2.54,9921.875,0.05805170131344246
0.016,14,768,slow,160.0,2.56,10000.0,0.05676536503127806
0.016,14,768,slow,161.25,2.58,10078.125,0.05550753198059857
0.016,14,768,slow,162.5,2.6,10156.25,0.05427757057358415
0.016,14,768,slow,163.75,2.62,10234.375,0.053074863217441384
0.016,14,768,slow,165.0,2.64,10312.5,0.051898806004293564
0.016,14,768,slow,166.25,2.66,10390.625,0.05074880840794271
0.016,14,768,slow,167.5,2.68,10468.75,0.049624292987351
0.016,14,768,slow,168.75,2.7,10546.875,0.04852469509669276
0.016,14,768,slow,170.0,2.72,10625.0,0.047449462601831326
0.016,14,768,slow,171.25,2.74,10703.125,0.046398055603078504
0.016,14,768,slow,172.5,2.7600000000000002,10781.25,0.04536994616409726
0.016,14,768,slow,173.75,2.7800000000000002,10859.375,0.044364618046811695
0.016,14,768,slow,175.0,2.8000000000000003,10937.5,0.043381566452190996
0.016,14,768,slow,176.25,2.82,11015.625,0.042420297766777304
0.016,14,768,slow,177.5,2.84,11093.75,0.04148032931483019
0.016,14,768,slow,178.75,2.86,11171.875,0.04056118911596332
0.016,14,768,slow,180.0,2.88,11250.0,0.0396624156481515
0.016,14,768,slow,181.25,2.9,11328.125,0.03878355761598911
0.016,14,768,slow,182.5,2.92,11406.25,0.03792417372408389
0.016,14,768,slow,183.75,2.94,11484.375,0.03708383245547157
0.016,14,768,slow,185.0,2.96,11562.5,0.03626211185494086
0.016,14,768,slow,186.25,2.98,11640.625,0.035458599317159535
0.016,14,768,slow,187.5,3.0,11718.75,0.03467289137949531
0.016,14,768,slow,188.75,3.02,11796.875,0.03390459351942755
0.016,14,768,slow,190.0,3.04,11875.0,0.03315331995644805
0.016,14,768,slow,191.25,3.06,11953.125,0.03241869345835133
0.016,14,768,slow,192.5,3.08,12031.25,0.031700345151817355
0.016,14,768,slow,193.75,3.1,12109.375,0.030997914337191394
0.016,14,768,slow,195.0,3.12,12187.5,0.0303110483073681
0.016,14,768,slow,196.25,3.14,12265.625,0.029639402170688854
0.016,14,768,slow,197.5,3.16,12343.75,0.02898263867776343
0.016,14,768,slow,198.75,3.18,12421.875,0.02834042805212905
0.016,14,768,slow,200.0,3.2,12500.0,0.027712447824661757
0.016,14,768,slow,201.25,3.22,12578.125,0.02709838267165701
0.016,14,768,slow,202.5,3.24,12656.25,0.026497924256498145
0.016,14,768,slow,203.75,3.2600000000000002,12734.375,0.02591077107483323
0.016,14,768,slow,205.0,3.2800000000000002,12812.5,0.025336628303182583
0.016,14,768,slow,206.25,3.3000000000000003,12890.625,0.024775207650900886
0.016,14,768,slow,207.5,3.3200000000000003,12968.75,0.024226227215419633
0.016,14,768,slow,208.75,3.34,13046.875,0.023689411340697138
0.016,14,768,slow,210.0,3.36,13125.0,0.023164490478805148
0.016,14,768,slow,211.25,3.38,13203.125,0.022651201054582393
0.016,14,768,slow,212.5,3.4,13281.25,0.022149285333287274
0.016,14,768,slow,213.75,3.42,13359.375,0.02165849129118314
0.016,14,768,slow,215.0,3.44,13437.5,0.021178572488991215
0.016,14,768,slow,216.25,3.46,13515.625,0.02070928794814759
0.016,14,768,slow,217.5,3.48,13593.75,0.020250402029802193
0.016,14,768,slow,218.75,3.5,13671.875,0.019801684316498935
0.016,14,768,slow,220.0,3.52,13750.0,0.019362909496477666
0.016,14,768,slow,221.25,3.54,13828.125,0.018933857250539806
0.016,14,768,slow,222.5,3.56,13906.25,0.018514312141420863
0.016,14,768,slow,223.75,3.58,13984.375,0.018104063505614287
0.016,14,768,slow,225.0,3.6,14062.5,0.017702905347592376
0.016,14,768,slow,226.25,3.62,14140.625,0.017310636236370976
0.016,14,768,slow,227.5,3.64,14218.75,0.016927059204366317
0.016,14,768,slow,228.75,3.66,14296.875,0.016551981648492836
0.016,14,768,slow,230.0,3.68,14375.0,0.016185215233452722
0.016,14,768,slow,231.25,3.7,14453.125,0.015826575797168195
0.016,14,768,slow,232.5,3.72,14531.25,0.015475883258309507
0.016,14,768,slow,233.75,3.74,14609.375,0.015132961525871708
0.016,14,768,slow,235.0,3.7600000000000002,14687.5,0.01479763841075533
0.016,14,768,slow,236.25,3.7800000000000002,14765.625,0.014469745539306049
0.016,14,768,slow,237.5,3.8000000000000003,14843.75,0.014149118268770406
0.016,14,768,slow,238.75,3.8200000000000003,14921.875,0.013835595604624695
0.016,14,768,slow,240.0,3.84,15000.0,0.013529020119735887
0.016,14,768,slow,241.25,3.86,15078.125,0.01322923787531368
0.016,14,768,slow,242.5,3.88,15156.25,0.012936098343614274
0.016,14,768,slow,243.75,3.9,15234.375,0.012649454332356735
0.016,14,768,slow,245.0,3.92,15312.5,0.012369161910814393
0.016,14,768,slow,246.25,3.94,15390.625,0.012095080337543702
0.016,14,768,slow,247.5,3.96,15468.75,0.01182707198971475
0.016,14,768,slow,248.75,3.98,15546.875,0.011565002294007485
0.016,14,768,slow,250.0,4.0,15625.0,0.01130873965903937
0.016,14,768,fast,0.0,0.0,0.0,0.9999999999999989
0.016,14,768,fast,0.00032,5.12e-06,0.02,0.9999767264462305
0.016,14,768,fast,0.00064,1.024e-05,0.04,0.9999547091723917
0.016,14,768,fast,0.00096,1.5360000000000002e-05,0.06,0.999933841687829
0.016,14,768,fast,0.00128,2.048e-05,0.08,0.9999140281804553
0.016,14,768,fast,0.0016,2.5600000000000002e-05,0.1,0.9998951822213399
0.016,14,768,fast,0.00192,3.0720000000000004e-05,0.12,0.9998772256620974
0.016,14,768,fast,0.0022400000000000002,3.584e-05,0.14,0.9998600876907312
0.016,14,768,fast,0.00256,4.096e-05,0.16,0.9998437040185278
0.016,14,768,fast,0.0028799999999999997,4.608e-05,0.18,0.9998280161760369
0.016,14,768,fast,0.0032,5.1200000000000004e-05,0.2,0.999812970900422
0.016,14,768,fast,0.00352,5.632e-05,0.22,0.9997985195998308
0.016,14,768,fast,0.00384,6.144000000000001e-05,0.24,0.9997846178830695
0.016,14,768,fast,0.0041600000000000005,6.656000000000001e-05,0.26,0.9997712251449803
0.016,14,768,fast,0.0044800000000000005,7.168e-05,0.28,0.9997583041995907
0.016,14,768,fast,0.0048,7.68e-05,0.3,0.9997458209544531
0.016,14,768,fast,0.00512,8.192e-05,0.32,0.9997337441206724
0.016,14,768,fast,0.00544,8.704000000000001e-05,0.34,0.9997220449540005
0.016,14,768,fast,0.0057599999999999995,9.216e-05,0.36,0.9997106970230886
0.016,14,768,fast,0.00608,9.728e-05,0.38,0.9996996760015756
0.016,14,768,fast,0.0064,0.00010240000000000001,0.4,0.9996889594811741
0.016,14,768,fast,0.00672,0.00010752,0.42,0.9996785268033135
0.016,14,768,fast,0.00704,0.00011264,0.44,0.9996683589072376
0.016,14,768,fast,0.00736,0.00011776000000000001,0.46,0.9996584381927297
0.016,14,768,fast,0.00768,0.00012288000000000002,0.48,0.9996487483958717
0.016,14,768,fast,0.008,0.000128,0.5,0.9996392744764577
0.016,14,768,fast,0.008320000000000001,0.00013312000000000003,0.52,0.9996300025158307
0.016,14,768,fast,0.00864,0.00013824,0.54,0.9996209196240785
0.016,14,768,fast,0.008960000000000001,0.00014336,0.56,0.9996120138556377
0.016,14,768,fast,0.00928,0.00014848000000000001,0.58,0.9996032741324633
0.016,14,768,fast,0.0096,0.0001536,0.6,0.9995946901740265
0.016,14,768,fast,0.00992,0.00015872,0.62,0.9995862524334687
0.016,14,768,fast,0.01024,0.00016384,0.64,0.9995779520393281
0.016,14,768,fast,0.01056,0.00016896,0.66,0.9995697807423047
0.016,14,768,fast,0.01088,0.00017408000000000001,0.68,0.9995617308665935
0.016,14,768,fast,0.011200000000000002,0.00017920000000000002,0.7000000000000001,0.9995537952653596
0.016,14,768,fast,0.011519999999999999,0.00018432,0.72,0.9995459672799762
0.016,14,768,fast,0.01184,0.00018944,0.74,0.9995382407026804
0.016,14,768,fast,0.01216,0.00019456,0.76,0.9995306097423369
0.016,14,768,fast,0.012480000000000002,0.00019968000000000004,0.78,0.9995230689930349
0.016,14,768,fast,0.0128,0.00020480000000000002,0.8,0.9995156134052627
0.016,14,768,fast,0.013120000000000001,0.00020992000000000002,0.8200000000000001,0.9995082382594322
0.016,14,768,fast,0.01344,0.00021504,0.84,0.9995009391415512
0.016,14,768,fast,0.01376,0.00022016,0.86,0.9994937119208526
0.016,14,768,fast,0.01408,0.00022528,0.88,0.9994865527292144
0.016,14,768,fast,0.014400000000000001,0.00023040000000000002,0.9,0.9994794579422145
0.016,14,768,fast,0.01472,0.00023552000000000002,0.92,0.9994724241616825
0.016,14,768,fast,0.015040000000000001,0.00024064000000000003,0.9400000000000001,0.9994654481996219
0.016,14,768,fast,0.01536,0.00024576000000000003,0.96,0.9994585270633863
0.016,14,768,fast,0.01568,0.00025088,0.98,0.9994516579420046
0.016,14,768,fast,0.016,0.000256,1.0,0.9994448381935608
0.016,14,768,fast,0.01632,0.00026112000000000005,1.02,0.9994380653335401
0.016,14,768,fast,0.016640000000000002,0.00026624000000000005,1.04,0.9994313370240628
0.016,14,768,fast,0.016960000000000003,0.00027136000000000006,1.06,0.9994246510639313
0.016,14,768,fast,0.01728,0.00027648,1.08,0.9994180053794283
0.016,14,768,fast,0.0176,0.0002816,1.1,0.9994113980157996
0.016,14,768,fast,0.017920000000000002,0.00028672,1.12,0.9994048271293724
0.016,14,768,fast,0.018240000000000003,0.00029184,1.1400000000000001,0.9993982909802527
0.016,14,768,fast,0.01856,0.00029696000000000003,1.16,0.9993917879255605
0.016,14,768,fast,0.01888,0.00030208000000000004,1.18,0.9993853164131575
0.016,14,768,fast,0.0192,0.0003072,1.2,0.9993788749758281
0.016,14,768,fast,0.01952,0.00031232,1.22,0.9993724622258808
0.016,14,768,fast,0.01984,0.00031744,1.24,0.999366076850134
0.016,14,768,fast,0.02016,0.00032256,1.26,0.9993597176052594
0.016,14,768,fast,0.02048,0.00032768,1.28,0.999353383313453
0.016,14,768,fast,0.020800000000000003,0.00033280000000000007,1.3,0.9993470728584087
0.016,14,768,fast,0.02112,0.00033792,1.32,0.9993407851815754
0.016,14,768,fast,0.02144,0.00034304,1.34,0.999334519278669
0.016,14,768,fast,0.02176,0.00034816000000000003,1.36,0.9993282741964263
0.016,14,768,fast,0.022080000000000002,0.00035328000000000003,1.3800000000000001,0.9993220490295787
0.016,14,768,fast,0.022400000000000003,0.00035840000000000004,1.4000000000000001,0.9993158429180328
0.016,14,768,fast,0.02272,0.00036352000000000004,1.42,0.9993096550442384
0.016,14,768,fast,0.023039999999999998,0.00036864,1.44,0.9993034846307336
0.016,14,768,fast,0.02336,0.00037376,1.46,0.9992973309378504
0.016,14,768,fast,0.02368,0.00037888,1.48,0.9992911932615741
0.016,14,768,fast,0.024,0.000384,1.5,0.9992850709315398
0.016,14,768,fast,0.02432,0.00038912,1.52,0.9992789633091599
0.016,14,768,fast,0.024640000000000002,0.00039424,1.54,0.9992728697858712
0.016,14,768,fast,0.024960000000000003,0.0003993600000000001,1.56,0.9992667897814939
0.016,14,768,fast,0.02528,0.00040448000000000003,1.58,0.9992607227426955
0.016,14,768,fast,0.0256,0.00040960000000000004,1.6,0.9992546681415484
0.016,14,768,fast,0.025920000000000002,0.00041472000000000004,1.62,0.9992486254741803
0.016,14,768,fast,0.026240000000000003,0.00041984000000000005,1.6400000000000001,0.9992425942595052
0.016,14,768,fast,0.026560000000000004,0.00042496000000000005,1.6600000000000001,0.9992365740380345
0.016,14,768,fast,0.02688,0.00043008,1.68,0.9992305643707573
0.016,14,768,fast,0.0272,0.0004352,1.7,0.9992245648380921
0.016,14,768,fast,0.02752,0.00044032,1.72,0.999218575038897
0.016,14,768,fast,0.02784,0.00044544,1.74,0.9992125945895397
0.016,14,768,fast,0.02816,0.00045056,1.76,0.9992066231230253
0.016,14,768,fast,0.028480000000000002,0.00045568000000000003,1.78,0.9992006602881693
0.016,14,768,fast,0.028800000000000003,0.00046080000000000003,1.8,0.9991947057488216
0.016,14,768,fast,0.02912,0.00046592,1.82,0.9991887591831357
0.016,14,768,fast,0.02944,0.00047104000000000004,1.84,0.9991828202828765
0.016,14,768,fast,0.02976,0.00047616000000000005,1.86,0.9991768887527684
0.016,14,768,fast,0.030080000000000003,0.00048128000000000005,1.8800000000000001,0.9991709643098805
0.016,14,768,fast,0.030400000000000003,0.00048640000000000006,1.9000000000000001,0.9991650466830437
0.016,14,768,fast,0.03072,0.0004915200000000001,1.92,0.999159135612302
0.016,14,768,fast,0.031039999999999998,0.00049664,1.94,0.999153230848391
0.016,14,768,fast,0.03136,0.00050176,1.96,0.999147332152247
0.016,14,768,fast,0.03168,0.00050688,1.98,0.9991414392945399
0.016,14,768,fast,0.032,0.000512,2.0,0.9991355520552327
0.016,14,768,fast,0.03232,0.00051712,2.02,0.9991296702231627
0.016,14,768,fast,0.03264,0.0005222400000000001,2.04,0.9991237935956446
0.016,14,768,fast,0.03296,0.00052736,2.06,0.9991179219780953
0.016,14,768,fast,0.033280000000000004,0.0005324800000000001,2.08,0.9991120551836755
0.016,14,768,fast,0.033600000000000005,0.0005376000000000001,2.1,0.9991061930329518
0.016,14,768,fast,0.033920000000000006,0.0005427200000000001,2.12,0.9991003353535739
0.016,14,768,fast,0.03424,0.00054784,2.14,0.9990944819799688
0.016,14,768,fast,0.03456,0.00055296,2.16,0.9990886327530498
0.016,14,768,fast,0.03488,0.0005580800000000001,2.18,0.9990827875199405
0.016,14,768,fast,0.0352,0.0005632,2.2,0.9990769461337097
0.016,14,768,fast,0.03552,0.0005683200000000001,2.22,0.9990711084531217
0.016,14,768,fast,0.035840000000000004,0.00057344,2.24,0.999065274342398
0.016,14,768,fast,0.036160000000000005,0.0005785600000000001,2.2600000000000002,0.9990594436709895
0.016,14,768,fast,0.036480000000000005,0.00058368,2.2800000000000002,0.9990536163133591
0.016,14,768,fast,0.036800000000000006,0.0005888000000000001,2.3000000000000003,0.9990477921487748
0.016,14,768,fast,0.03712,0.0005939200000000001,2.32,0.9990419710611139
0.016,14,768,fast,0.03744,0.00059904,2.34,0.999036152938674
0.016,14,768,fast,0.03776,0.0006041600000000001,2.36,0.9990303376739929
0.016,14,768,fast,0.038079999999999996,0.0006092799999999999,2.38,0.9990245251636777
0.016,14,768,fast,0.0384,0.0006144,2.4,0.9990187153082416
0.016,14,768,fast,0.03872,0.0006195199999999999,2.42,0.9990129080119464
0.016,14,768,fast,0.03904,0.00062464,2.44,0.999007103182653
0.016,14,768,fast,0.03936,0.00062976,2.46,0.9990013007316794
0.016,14,768,fast,0.03968,0.00063488,2.48,0.998995500573662
0.016,14,768,fast,0.04,0.00064,2.5,0.9989897026264275
0.016,14,768,fast,0.04032,0.00064512,2.52,0.9989839068108655
0.016,14,768,fast,0.04064,0.0006502400000000001,2.54,0.9989781130508087
0.016,14,768,fast,0.04096,0.00065536,2.56,0.9989723212729202
0.016,14,768,fast,0.041280000000000004,0.0006604800000000001,2.58,0.998966531406581
0.016,14,768,fast,0.041600000000000005,0.0006656000000000001,2.6,0.9989607433837863
0.016,14,768,fast,0.041920000000000006,0.0006707200000000001,2.62,0.9989549571390446
0.016,14,768,fast,0.04224,0.00067584,2.64,0.9989491726092804
0.016,14,768,fast,0.04256,0.00068096,2.66,0.9989433897337419
0.016,14,768,fast,0.04288,0.00068608,2.68,0.998937608453912
0.016,14,768,fast,0.0432,0.0006912000000000001,2.7,0.9989318287134233
0.016,14,768,fast,0.04352,0.0006963200000000001,2.72,0.998926050457976
0.016,14,768,fast,0.043840000000000004,0.0007014400000000001,2.74,0.9989202736352604
0.016,14,768,fast,0.044160000000000005,0.0007065600000000001,2.7600000000000002,0.9989144981948797
0.016,14,768,fast,0.044480000000000006,0.0007116800000000001,2.7800000000000002,0.99890872408828
0.016,14,768,fast,0.044800000000000006,0.0007168000000000001,2.8000000000000003,0.9989029512686792
0.016,14,768,fast,0.04512,0.00072192,2.82,0.9988971796910017
0.016,14,768,fast,0.04544,0.0007270400000000001,2.84,0.9988914093118136
0.016,14,768,fast,0.04576,0.00073216,2.86,0.9988856400892614
0.016,14,768,fast,0.046079999999999996,0.00073728,2.88,0.9988798719830133
0.016,14,768,fast,0.0464,0.0007423999999999999,2.9,0.9988741049542027
0.016,14,768,fast,0.04672,0.00074752,2.92,0.9988683389653724
0.016,14,768,fast,0.04704,0.00075264,2.94,0.9988625739804244
0.016,14,768,fast,0.04736,0.00075776,2.96,0.9988568099645678
0.016,14,768,fast,0.04768,0.0007628800000000001,2.98,0.9988510468842708
0.016,14,768,fast,0.048,0.000768,3.0,0.9988452847072151
0.016,14,768,fast,0.04832,0.0007731200000000001,3.02,0.9988395234022496
0.016,14,768,fast,0.04864,0.00077824,3.04,0.9988337629393489
0.016,14,768,fast,0.048960000000000004,0.0007833600000000001,3.06,0.998828003289571
0.016,14,768,fast,0.049280000000000004,0.00078848,3.08,0.998822244425018
0.016,14,768,fast,0.049600000000000005,0.0007936000000000001,3.1,0.9988164863187977
0.016,14,768,fast,0.049920000000000006,0.0007987200000000002,3.12,0.9988107289449863
0.016,14,768,fast,0.05024,0.00080384,3.14,0.9988049722785938
0.016,14,768,fast,0.05056,0.0008089600000000001,3.16,0.9987992162955289
0.016,14,768,fast,0.05088,0.00081408,3.18,0.9987934609725674
0.016,14,768,fast,0.0512,0.0008192000000000001,3.2,0.9987877062873193
0.016,14,768,fast,0.05152,0.00082432,3.22,0.9987819522181997
0.016,14,768,fast,0.051840000000000004,0.0008294400000000001,3.24,0.998776198744398
0.016,14,768,fast,0.052160000000000005,0.0008345600000000001,3.2600000000000002,0.9987704458458518
0.016,14,768,fast,0.052480000000000006,0.0008396800000000001,3.2800000000000002,0.9987646935032177
0.016,14,768,fast,0.05280000000000001,0.0008448000000000002,3.3000000000000003,0.9987589416978463
0.016,14,768,fast,0.05312000000000001,0.0008499200000000001,3.3200000000000003,0.9987531904117565
0.016,14,768,fast,0.05344,0.00085504,3.34,0.9987474396276121
0.016,14,768,fast,0.05376,0.00086016,3.36,0.998741689328698
0.016,14,768,fast,0.054079999999999996,0.00086528,3.38,0.9987359394988974
0.016,14,768,fast,0.0544,0.0008704,3.4,0.9987301901226703
0.016,14,768,fast,0.05472,0.00087552,3.42,0.9987244411850333
0.016,14,768,fast,0.05504,0.00088064,3.44,0.9987186926715391
0.016,14,768,fast,0.05536,0.00088576,3.46,0.9987129445682568
0.016,14,768,fast,0.05568,0.00089088,3.48,0.998707196861754
0.016,14,768,fast,0.056,0.000896,3.5,0.998701449539078
0.016,14,768,fast,0.05632,0.00090112,3.52,0.9986957025877397
0.016,14,768,fast,0.05664,0.0009062400000000001,3.54,0.9986899559956951
0.016,14,768,fast,0.056960000000000004,0.0009113600000000001,3.56,0.9986842097513319
0.016,14,768,fast,0.057280000000000005,0.0009164800000000001,3.58,0.998678463843451
0.016,14,768,fast,0.057600000000000005,0.0009216000000000001,3.6,0.9986727182612544
0.016,14,768,fast,0.057920000000000006,0.0009267200000000001,3.62,0.9986669729943292
0.016,14,768,fast,0.05824,0.00093184,3.64,0.9986612280326335
0.016,14,768,fast,0.05856,0.00093696,3.66,0.9986554833664841
0.016,14,768,fast,0.05888,0.0009420800000000001,3.68,0.9986497389865441
0.016,14,768,fast,0.0592,0.0009472,3.7,0.9986439948838083
0.016,14,768,fast,0.05952,0.0009523200000000001,3.72,0.9986382510495931
0.016,14,768,fast,0.059840000000000004,0.00095744,3.74,0.9986325074755252
0.016,14,768,fast,0.060160000000000005,0.0009625600000000001,3.7600000000000002,0.9986267641535291
0.016,14,768,fast,0.060480000000000006,0.0009676800000000002,3.7800000000000002,0.9986210210758173
0.016,14,768,fast,0.06080000000000001,0.0009728000000000001,3.8000000000000003,0.9986152782348802
0.016,14,768,fast,0.06112000000000001,0.0009779200000000002,3.8200000000000003,0.9986095356234752
0.016,14,768,fast,0.06144,0.0009830400000000001,3.84,0.9986037932346185
0.016,14,768,fast,0.06176,0.00098816,3.86,0.9985980510615741
0.016,14,768,fast,0.062079999999999996,0.00099328,3.88,0.998592309097847
0.016,14,768,fast,0.0624,0.0009984,3.9,0.9985865673371734
0.016,14,768,fast,0.06272,0.00100352,3.92,0.9985808257735117
0.016,14,768,fast,0.06304,0.00100864,3.94,0.9985750844010365
0.016,14,768,fast,0.06336,0.00101376,3.96,0.998569343214129
0.016,14,768,fast,0.06368,0.00101888,3.98,0.9985636022073712
0.016,14,768,fast,0.064,0.001024,4.0,0.9985578613755373
0.016,14,768,long_tail,251.24999999999997,4.02,15703.124999999998,0.011058155409290152
0.016,14,768,long_tail,256.10694358749333,4.097711097399894,16006.683974218333,0.010136087376390997
0.016,14,768,long_tail,261.05777732826874,4.1769244372523,16316.111083016796,0.009275280392867949
0.016,14,768,long_tail,266.1043162240292,4.257669059584468,16631.519764001827,0.008473028433341719
0.016,14,768,long_tail,271.24841036249137,4.339974565799862,16953.02564765571,0.0077266420258879295
0.016,14,768,long_tail,276.4919455956373,4.4238711295301965,17280.74659972733,0.007033455594082722
0.016,14,768,long_tail,281.8368442310773,4.509389507697237,17614.80276444233,0.006390834515943747
0.016,14,768,long_tail,287.28506573677885,4.596561051788462,17955.316608548677,0.005796181864281837
0.016,14,768,long_tail,292.8386074594171,4.685417719350674,18302.41296621357,0.005246944795411187
0.016,14,768,long_tail,298.4995053566132,4.775992085705812,18656.219084788325,0.00474062055590373
0.016,14,768,long_tail,304.2698347433267,4.868317355893228,19016.86467145792,0.004274762080092867
0.016,14,768,long_tail,310.1517110526771,4.962427376842834,19384.48194079232,0.00384698315430413
0.016,14,768,long_tail,316.1472906114728,5.058356649783565,19759.20566321705,0.0034549631272835133
0.016,14,768,long_tail,322.2587714307317,5.156140342891708,20141.17321442073,0.003096451149972401
0.016,14,768,long_tail,328.488394011484,5.255814304183744,20530.52462571775,0.002769269931602212
0.016,14,768,long_tail,334.8384421661511,5.357415074658418,20927.402635384442,0.002471319003010521
0.016,14,768,long_tail,341.3112438558035,5.460979901692856,21331.95274098772,0.002200577482069784
0.016,14,768,long_tail,347.90917204360386,5.566546752697662,21744.32325272524,0.001955106340124708
0.016,14,768,long_tail,354.6346455647475,5.67415432903596,22164.665347796716,0.0017330501723088576
0.016,14,768,long_tail,361.4901300132199,5.783842080211519,22593.133125826243,0.0015326384785088905
0.016,14,768,long_tail,368.4781386456971,5.895650218331153,23029.883665356065,0.0013521864655206086
0.016,14,768,long_tail,375.6012333029178,6.009619732846685,23475.077081432362,0.0011900953845504552
0.016,14,768,long_tail,382.8620253488691,6.1257924055819055,23928.87658430432,0.0010448524216170366
0.016,14,768,long_tail,390.2631766281244,6.244210826049991,24391.448539257777,0.0009150301615604503
0.016,14,768,long_tail,397.8074004416918,6.364918407067069,24862.962527605738,0.0007992856492365955
0.016,14,768,long_tail,405.4974625417225,6.48795940066756,25343.591408857654,0.0006963590740278946
0.016,14,768,long_tail,413.3361821454513,6.613378914327221,25833.511384090703,0.000605072106013156
0.016,14,768,long_tail,421.32643296873636,6.7412229274997815,26332.90206054602,0.0005243259139865936
0.016,14,768,long_tail,429.471144279578,6.871538308473249,26841.946517473625,0.00045309889698220827
0.016,14,768,long_tail,437.77330197200456,7.0043728315520735,27360.831373250283,0.0003904441620347405
0.016,14,768,long_tail,446.235949660716,7.139775194571456,27889.74685379475,0.0003354867815876815
0.016,14,768,long_tail,454.8621897968898,7.277795036750237,28428.886862305615,0.00028742086424394234
0.016,14,768,long_tail,463.6551848055553,7.418482956888885,28978.449050347204,0.00024550647245357853
0.016,14,768,long_tail,472.6181582449561,7.561890531919297,29538.634890309753,0.00020906642025891338
0.016,14,768,long_tail,481.75439598832224,7.708070335813156,30109.64974927014,0.00017748298338974262
0.016,14,768,long_tail,491.06724742849053,7.857075958855849,30691.70296428066,0.00015019455284418474
0.016,14,768,long_tail,500.5601267058074,8.008962027292919,31285.007919112963,0.00012669226163330267
0.016,14,768,long_tail,510.2365139597722,8.163784223356355,31889.78212248576,0.00010651661264250691
0.016,14,768,long_tail,520.0999566048744,8.32159930567799,32506.247287804646,8.925413360645015e-05
0.016,14,768,long_tail,530.1540706310939,8.482465130097502,33134.62941444336,7.453408304520476e-05
0.016,14,768,long_tail,540.4025419295426,8.646440670872682,33775.15887059641,6.20252287085565e-05
0.016,14,768,long_tail,550.849127643731,8.813586042299695,34428.070477733185,5.143271766364292e-05
0.016,14,768,long_tail,561.4976575469572,8.983962520751314,35093.60359668482,4.2495054680308565e-05
0.016,14,768,long_tail,572.3520354463213,9.15763256714114,35772.002215395085,3.498120305918376e-05
0.016,14,768,long_tail,583.4162406138829,9.334659849822126,36463.51503836768,2.8687819548705262e-05
0.016,14,768,long_tail,594.6943292454814,9.515109267927702,37168.39557784259,2.343663254600889e-05
0.016,14,768,long_tail,606.1904359477601,9.699046975164162,37886.90224673501,1.907197040673785e-05
0.016,14,768,long_tail,617.9087752539344,9.88654040406295,38619.2984533709,1.545844443084926e-05
0.016,14,768,long_tail,629.8536431688619,10.077658290701791,39365.85269805387,1.2478788971968237e-05
0.016,14,768,long_tail,642.02941874398,10.27247069990368,40126.83867149875,1.003185915902313e-05
0.016,14,768,long_tail,654.440565682689,10.471049050923025,40902.53535516806,8.030784938545442e-06
0.016,14,768,long_tail,667.0916339767713,10.67346614362834,41693.227123548204,6.401278557287043e-06
0.016,14,768,long_tail,679.9872615744387,10.879796185191019,42499.203848402416,5.0800912162482494e-06
0.016,14,768,long_tail,693.1321760806326,11.090114817290122,43320.76100503954,4.013613442893108e-06
0.016,14,768,long_tail,706.5311964901855,11.304499143842968,44158.19978063659,3.1566127480967096e-06
0.016,14,768,long_tail,720.1892349544922,11.523027759271876,45011.82718465576,2.4711013541130124e-06
0.016,14,768,long_tail,734.1112985823294,11.74578077731727,45881.95616139558,1.92532619196565e-06
0.016,14,768,long_tail,748.3024912754871,11.972839860407793,46768.905704717945,1.4928729604530967e-06
0.016,14,768,long_tail,762.7680155998885,12.204288249598216,47673.00097499303,1.1518758011885702e-06
0.016,14,768,long_tail,777.5131746928753,12.440210795086005,48594.5734183047,8.843240594973347e-07
0.016,14,768,long_tail,792.5433742073678,12.680693987317886,49533.960887960486,6.754576528275256e-07
0.016,14,768,long_tail,807.8641242936038,12.925825988697662,50491.50776835024,5.132427389126286e-07
0.016,14,768,long_tail,823.4810416191914,13.175696665907063,51467.56510119946,3.8791964714291006e-07
0.016,14,768,long_tail,839.3998514282055,13.430397622851288,52462.49071426284,2.916153904014156e-07
0.016,14,768,long_tail,855.6263896400944,13.69002223424151,53476.6493525059,2.1801349341881454e-07
0.016,14,768,long_tail,872.1666049891593,13.95466567982655,54510.412811822454,1.620743407772216e-07
0.016,14,768,long_tail,889.0265612053903,14.224424979286246,55564.16007533689,1.1979974748462732e-07
0.016,14,768,long_tail,906.2124392374616,14.499399027799386,56638.277452341346,8.803597339421252e-08
0.016,14,768,long_tail,923.7305395186999,14.779688632299198,57733.15871991874,6.43099270819518e-08
0.016,14,768,long_tail,941.5872842768581,15.06539654842973,58849.20526730363,4.6693824236240385e-08
0.016,14,768,long_tail,959.7892198885353,15.356627518216564,59986.82624303345,3.369407100492602e-08
0.016,14,768,long_tail,978.3430192791138,15.653488308465821,61146.438704944616,2.4160626663615904e-08
0.016,14,768,long_tail,997.2554843690903,15.956087749905445,62328.467773068136,1.7213556655741374e-08
0.016,14,768,long_tail,1016.5335485676939,16.2645367770831,63533.34678548086,1.2183912315957345e-08
0.016,14,768,long_tail,1036.1842793147102,16.578948469035364,64761.517457169386,8.566464662385915e-09
0.016,14,768,long_tail,1056.2148806714426,16.899438090743082,66013.43004196517,5.9821750437009756e-09
0.016,14,768,long_tail,1076.6326959617597,17.226123135388157,67289.54349760998,4.1486047716346e-09
0.016,14,768,long_tail,1097.4452104641969,17.55912336742715,68590.3256540123,2.8567497013192306e-09
0.016,14,768,long_tail,1118.6600541560954,17.898560866497526,69916.25338475595,1.9530353318565674e-09
0.016,14,768,long_tail,1140.2850045107957,18.24456007217273,71267.81278192473,1.3254252550249934e-09
0.016,14,768,long_tail,1162.3279893488998,18.597247829582397,72645.49933430624,8.927829653720038e-10
0.016,14,768,long_tail,1184.7970897446505,18.956753435914408,74049.81810904066,5.96786716921175e-10
0.016,14,768,long_tail,1207.7005429884955,19.323208687815928,75481.28393678096,3.9583197338672047e-10
0.016,14,768,long_tail,1231.0467456069243,19.69674792971079,76940.42160043278,2.6046879226468793e-10
0.016,14,768,long_tail,1254.8442564406764,20.077508103050825,78427.76602754227,1.7001490231750805e-10
0.016,14,768,long_tail,1279.1017997824579,20.465628796519326,79943.86248640361,1.1006185617854522e-10
0.016,14,768,long_tail,1303.8282685753122,20.861252297204995,81489.266785957,7.06538758102664e-11
0.016,14,768,long_tail,1329.0327276728228,21.264523642765166,83064.54547955142,4.4969068518075476e-11
0.016,14,768,long_tail,1354.7244171623333,21.675590674597334,84670.27607264584,2.8372565036544402e-11
0.016,14,768,long_tail,1380.912755752412,22.094604092038594,86307.04723452576,1.7742580701123908e-11
0.016,14,768,long_tail,1407.607344225803,22.52171750761285,87975.45901411268,1.0994961547526187e-11
0.016,14,768,long_tail,1434.8179689591213,22.957087503345942,89676.12305994508,6.7507680748694905e-12
0.016,14,768,long_tail,1462.5546055105897,23.400873688169437,91409.66284441185,4.105986778284076e-12
0.016,14,768,long_tail,1490.827422277131,23.8532387564341,93176.7138923207,2.473475583751641e-12
0.016,14,768,long_tail,1519.6467842221587,24.314348547554538,94977.92401388491,1.4755119727856958e-12
0.016,14,768,long_tail,1549.023256675424,24.78437210680678,96813.95354221399,8.714462867100589e-13
0.016,14,768,long_tail,1578.9676092063214,25.263481747301142,98685.47557539509,5.094686227816804e-13
0.016,14,768,long_tail,1609.49081957207,25.75185311315312,100593.17622325437,2.9477301802322403e-13
0.016,14,768,long_tail,1640.6040777422202,26.249665243875523,102537.75485888876,1.6875799850073874e-13
0.016,14,768,long_tail,1672.3187900009493,26.75710064001519,104519.92437505933,9.557813574135375e-14
0.016,14,768,long_tail,1704.6465831286698,27.27434533005872,106540.41144554186,5.354017411078285e-14
0.016,14,768,long_tail,1737.5993086644678,27.801588938631486,108599.95679152923,2.9657584106260097e-14
0.016,14,768,long_tail,1771.1890472509394,28.339024756015032,110699.3154531837,1.6241737216471613e-14
0.016,14,768,long_tail,1805.4281130630156,28.88684980900825,112839.25706643847,8.791723826772002e-15
0.016,14,768,long_tail,1840.3290583224052,29.445264933158484,115020.56614515033,4.70286727235908e-15
0.016,14,768,long_tail,1875.9046778993074,30.01447484638892,117244.04236870671,2.4854150454536114e-15
0.016,14,768,long_tail,1912.1680140030778,30.594688224049246,119510.50087519236,1.2974215402825514e-15
0.016,14,768,long_tail,1949.132360963564,31.186117775417024,121820.77256022274,6.688146317495562e-16
0.016,14,768,long_tail,1986.8112701048885,31.788980321678217,124175.70438155554,3.403826445105658e-16
0.016,14,768,long_tail,2025.2185547134286,32.40349687541486,126576.15966958928,1.7098518866255141e-16
0.016,14,768,long_tail,2064.3682951018395,33.02989272162943,129023.01844386497,8.475579441224182e-17
0.016,14,768,long_tail,2104.274843770972,33.66839750033555,131517.17773568575,4.144655055498256e-17
0.016,14,768,long_tail,2144.952830671577,34.31924529074523,134059.55191697355,1.998948351317421e-17
0.016,14,768,long_tail,2186.417168567721,34.98267469708354,136651.07303548258,9.505891300373539e-18
0.016,14,768,long_tail,2228.6830585038833,35.65892893606213,139292.6911564927,4.455986442478422e-18
0.016,14,768,long_tail,2271.765995377736,36.34825592604378,141985.3747111085,2.0584199995211534e-18
0.016,14,768,long_tail,2315.6817736206635,37.05090837793062,144730.11085129148,9.367857521883049e-19
0.016,14,768,long_tail,2360.4464929880764,37.767143887809226,147527.90581175478,4.198917800360057e-19
0.016,14,768,long_tail,2406.0765644616667,38.49722503138667,150379.78527885416,1.853094289619276e-19
0.016,14,768,long_tail,2452.5887162657673,39.241419460252274,153286.79476661046,8.049899880036876e-20
0.016,14,768,long_tail,2500.0,40.0,156250.0,3.4409907555729364e-20
0.032,14,768,slow,0.0,0.0,0.0,1.0000000000000002
0.032,14,768,slow,0.625,0.02,19.53125,0.9765924307709692
0.032,14,768,slow,1.25,0.04,39.0625,0.9548623782590472
0.032,14,768,slow,1.875,0.06,58.59375,0.9336184457631491
0.032,14,768,slow,2.5,0.08,78.125,0.9128494374973831
0.032,14,768,slow,3.125,0.1,97.65625,0.892544460200123
0.032,14,768,slow,3.75,0.12,117.1875,0.872692907127485
0.032,14,768,slow,4.375,0.14,136.71875,0.8532844446866881
0.032,14,768,slow,5.0,0.16,156.25,0.8343090008539737
0.032,14,768,slow,5.625,0.18,175.78125,0.8157567548942392
0.032,14,768,slow,6.25,0.2,195.3125,0.7976181280826218
0.032,14,768,slow,6.875,0.22,214.84375,0.779883775227552
0.032,14,768,slow,7.5,0.24,234.375,0.7625445768533509
0.032,14,768,slow,8.125,0.26,253.90625,0.7455916319374767
0.032,14,768,slow,8.75,0.28,273.4375,0.7290162511222317
0.032,14,768,slow,9.375,0.3,292.96875,0.7128099503379897
0.032,14,768,slow,10.0,0.32,312.5,0.6969644447874491
0.032,14,768,slow,10.625,0.34,332.03125,0.6814716432496979
0.032,14,768,slow,11.25,0.36,351.5625,0.6663236426699236
0.032,14,768,slow,11.875,0.38,371.09375,0.6515127230061089
0.032,14,768,slow,12.5,0.4,390.625,0.6370313423083938
0.032,14,768,slow,13.125,0.42,410.15625,0.622872132010287
0.032,14,768,slow,13.75,0.44,429.6875,0.6090278924137573
0.032,14,768,slow,14.375,0.46,449.21875,0.5954915883525825
0.032,14,768,slow,15.0,0.48,468.75,0.5822563450202871
0.032,14,768,slow,15.625,0.5,488.28125,0.5693154439506443
0.032,14,768,slow,16.25,0.52,507.8125,0.5566623191401076
0.032,14,768,slow,16.875,0.54,527.34375,0.5442905533027209
0.032,14,768,slow,17.5,0.56,546.875,0.5321938742490786
0.032,14,768,slow,18.125,0.58,566.40625,0.5203661513817798
0.032,14,768,slow,18.75,0.6,585.9375,0.5088013923005908
0.032,14,768,slow,19.375,0.62,605.46875,0.4974937395111862
0.032,14,768,slow,20.0,0.64,625.0,0.48643746723192466
0.032,14,768,slow,20.625,0.66,644.53125,0.47562697829362643
0.032,14,768,slow,21.25,0.68,664.0625,0.4650568011277659
0.032,14,768,slow,21.875,0.7000000000000001,683.59375,0.4547215868388917
0.032,14,768,slow,22.5,0.72,703.125,0.4446161063574389
0.032,14,768,slow,23.125,0.74,722.65625,0.43473524766941046
0.032,14,768,slow,23.75,0.76,742.1875,0.4250740131196816
0.032,14,768,slow,24.375,0.78,761.71875,0.41562751678593146
0.032,14,768,slow,25.0,0.8,781.25,0.40639098192042694
0.032,14,768,slow,25.625,0.8200000000000001,800.78125,0.39735973845708294
0.032,14,768,slow,26.25,0.84,820.3125,0.38852922058140077
0.032,14,768,slow,26.875,0.86,839.84375,0.3798949643610485
0.032,14,768,slow,27.5,0.88,859.375,0.37145260543499137
0.032,14,768,slow,28.125,0.9,878.90625,0.3631978767592077
0.032,14,768,slow,28.75,0.92,898.4375,0.35512660640715066
0.032,14,768,slow,29.375,0.9400000000000001,917.96875,0.34723471542321366
0.032,14,768,slow,30.0,0.96,937.5,0.33951821572756524
0.032,14,768,slow,30.625,0.98,957.03125,0.3319732080707969
0.032,14,768,slow,31.25,1.0,976.5625,0.3245958800369146
0.032,14,768,slow,31.875,1.02,996.09375,0.31738250409327834
0.032,14,768,slow,32.5,1.04,1015.625,0.3103294356861556
0.032,14,768,slow,33.125,1.06,1035.15625,0.30343311138062296
0.032,14,768,slow,33.75,1.08,1054.6875,0.2966900470436023
0.032,14,768,slow,34.375,1.1,1074.21875,0.2900968360688741
0.032,14,768,slow,35.0,1.12,1093.75,0.2836501476429525
0.032,14,768,slow,35.625,1.1400000000000001,1113.28125,0.2773467250507606
0.032,14,768,slow,36.25,1.16,1132.8125,0.2711833840200759
0.032,14,768,slow,36.875,1.18,1152.34375,0.26515701110376255
0.032,14,768,slow,37.5,1.2,1171.875,0.2592645620988371
0.032,14,768,slow,38.125,1.22,1191.40625,0.2535030605014525
0.032,14,768,slow,38.75,1.24,1210.9375,0.24786959599691347
0.032,14,768,slow,39.375,1.26,1230.46875,0.24236132298386612
0.032,14,768,slow,40.0,1.28,1250.0,0.23697545913183526
0.032,14,768,slow,40.625,1.3,1269.53125,0.23170928397130475
0.032,14,768,slow,41.25,1.32,1289.0625,0.22656013751556406
0.032,14,768,slow,41.875,1.34,1308.59375,0.2215254189135669
0.032,14,768,slow,42.5,1.36,1328.125,0.2166025851330692
0.032,14,768,slow,43.125,1.3800000000000001,1347.65625,0.21178914967333498
0.032,14,768,slow,43.75,1.4000000000000001,1367.1875,0.20708268130671972
0.032,14,768,slow,44.375,1.42,1386.71875,0.20248080284845962
0.032,14,768,slow,45.0,1.44,1406.25,0.19798118995401112
0.032,14,768,slow,45.625,1.46,1425.78125,0.19358156994330727
0.032,14,768,slow,46.25,1.48,1445.3125,0.18927972065131016
0.032,14,768,slow,46.875,1.5,1464.84375,0.1850734693042556
0.032,14,768,slow,47.5,1.52,1484.375,0.1809606914210043
0.032,14,768,slow,48.125,1.54,1503.90625,0.1769393097389251
0.032,14,768,slow,48.75,1.56,1523.4375,0.17300729316375274
0.032,14,768,slow,49.375,1.58,1542.96875,0.1691626557428754
0.032,14,768,slow,50.0,1.6,1562.5,0.16540345566152104
0.032,14,768,slow,50.625,1.62,1582.03125,0.16172779426132453
0.032,14,768,slow,51.25,1.6400000000000001,1601.5625,0.1581338150807695
0.032,14,768,slow,51.875,1.6600000000000001,1621.09375,0.15461970291701235
0.032,14,768,slow,52.5,1.68,1640.625,0.1511836829086061
0.032,14,768,slow,53.125,1.7,1660.15625,0.14782401963865383
0.032,14,768,slow,53.75,1.72,1679.6875,0.14453901625793358
0.032,14,768,slow,54.375,1.74,1699.21875,0.14132701362754493
0.032,14,768,slow,55.0,1.76,1718.75,0.13818638948064027
0.032,14,768,slow,55.625,1.78,1738.28125,0.13511555760281338
0.032,14,768,slow,56.25,1.8,1757.8125,0.1321129670307262
0.032,14,768,slow,56.875,1.82,1777.34375,0.1291771012685677
0.032,14,768,slow,57.5,1.84,1796.875,0.12630647752194368
0.032,14,768,slow,58.125,1.86,1816.40625,0.12349964594880986
0.032,14,768,slow,58.75,1.8800000000000001,1835.9375,0.1207551889270667
0.032,14,768,slow,59.375,1.9000000000000001,1855.46875,0.11807172033844386
0.032,14,768,slow,60.0,1.92,1875.0,0.11544788486831087
0.032,14,768,slow,60.625,1.94,1894.53125,0.1128823573210591
0.032,14,768,slow,61.25,1.96,1914.0625,0.11037384195070693
0.032,14,768,slow,61.875,1.98,1933.59375,0.10792107180638946
0.032,14,768,slow,62.5,2.0,1953.125,0.10552280809240072
0.032,14,768,slow,63.125,2.02,1972.65625,0.10317783954246415
0.032,14,768,slow,63.75,2.04,1992.1875,0.1008849818079143
0.032,14,768,slow,64.375,2.06,2011.71875,0.09864307685948032
0.032,14,768,slow,65.0,2.08,2031.25,0.09645099240236758
0.032,14,768,slow,65.625,2.1,2050.78125,0.09430762130434234
0.032,14,768,slow,66.25,2.12,2070.3125,0.09221188103652926
0.032,14,768,slow,66.875,2.14,2089.84375,0.09016271312663932
0.032,14,768,slow,67.5,2.16,2109.375,0.08815908262435103
0.032,14,768,slow,68.125,2.18,2128.90625,0.08619997757857524
0.032,14,768,slow,68.75,2.2,2148.4375,0.08428440852633824
0.032,14,768,slow,69.375,2.22,2167.96875,0.08241140799302561
0.032,14,768,slow,70.0,2.24,2187.5,0.08058003000373352
0.032,14,768,slow,70.625,2.2600000000000002,2207.03125,0.07878934960548074
0.032,14,768,slow,71.25,2.2800000000000002,2226.5625,0.07703846240003959
0.032,14,768,slow,71.875,2.3000000000000003,2246.09375,0.07532648408714979
0.032,14,768,slow,72.5,2.32,2265.625,0.07365255001788476
0.032,14,768,slow,73.125,2.34,2285.15625,0.07201581475794352
0.032,14,768,slow,73.75,2.36,2304.6875,0.07041545166064883
0.032,14,768,slow,74.375,2.38,2324.21875,0.06885065244943478
0.032,14,768,slow,75.0,2.4,2343.75,0.06732062680961344
0.032,14,768,slow,75.625,2.42,2363.28125,0.06582460198921393
0.032,14,768,slow,76.25,2.44,2382.8125,0.06436182240869244
0.032,14,768,slow,76.875,2.46,2402.34375,0.06293154927931595
0.032,14,768,slow,77.5,2.48,2421.875,0.0615330602300267
0.032,14,768,slow,78.125,2.5,2441.40625,0.06016564894259918
0.032,14,768,slow,78.75,2.52,2460.9375,0.05882862479490514
0.032,14,768,slow,79.375,2.54,2480.46875,0.05752131251210623
0.032,14,768,slow,80.0,2.56,2500.0,0.056243051825598585
0.032,14,768,slow,80.625,2.58,2519.53125,0.05499319713953637
0.032,14,768,slow,81.25,2.6,2539.0625,0.053771117204766426
0.032,14,768,slow,81.875,2.62,2558.59375,0.052576194800008975
0.032,14,768,slow,82.5,2.64,2578.125,0.051407826420123474
0.032,14,768,slow,83.125,2.66,2597.65625,0.05026542197130197
0.032,14,768,slow,83.75,2.68,2617.1875,0.04914840447303639
0.032,14,768,slow,84.375,2.7,2636.71875,0.04805620976670859
0.032,14,768,slow,85.0,2.72,2656.25,0.046988286230656665
0.032,14,768,slow,85.625,2.74,2675.78125,0.04594409450157306
0.032,14,768,slow,86.25,2.7600000000000002,2695.3125,0.044923107202094054
0.032,14,768,slow,86.875,2.7800000000000002,2714.84375,0.043924808674442865
0.032,14,768,slow,87.5,2.8000000000000003,2734.375,0.04294869471999208
0.032,14,768,slow,88.125,2.82,2753.90625,0.0419942723446134
0.032,14,768,slow,88.75,2.84,2773.4375,0.04106105950968659
0.032,14,768,slow,89.375,2.86,2792.96875,0.04014858488864167
0.032,14,768,slow,90.0,2.88,2812.5,0.039256387628911156
0.032,14,768,slow,90.625,2.9,2832.03125,0.038384017119172574
0.032,14,768,slow,91.25,2.92,2851.5625,0.03753103276176328
0.032,14,768,slow,91.875,2.94,2871.09375,0.036697003750152814
0.032,14,768,slow,92.5,2.96,2890.625,0.035881508851360384
0.032,14,768,slow,93.125,2.98,2910.15625,0.035084136193207625
0.032,14,768,slow,93.75,3.0,2929.6875,0.03430448305629907
0.032,14,768,slow,94.375,3.02,2949.21875,0.033542155670625365
0.032,14,768,slow,95.0,3.04,2968.75,0.032796769016686385
0.032,14,768,slow,95.625,3.06,2988.28125,0.032067946631034065
0.032,14,768,slow,96.25,3.08,3007.8125,0.031355320416136305
0.032,14,768,slow,96.875,3.1,3027.34375,0.030658530454466325
0.032,14,768,slow,97.5,3.12,3046.875,0.029977224826723402
0.032,14,768,slow,98.125,3.14,3066.40625,0.029311059434093095
0.032,14,768,slow,98.75,3.16,3085.9375,0.028659697824457358
0.032,14,768,slow,99.375,3.18,3105.46875,0.028022811022466704
0.032,14,768,slow,100.0,3.2,3125.0,0.027400077363388446
0.032,14,768,slow,100.625,3.22,3144.53125,0.026791182330647385
0.032,14,768,slow,101.25,3.24,3164.0625,0.02619581839697665
0.032,14,768,slow,101.875,3.2600000000000002,3183.59375,0.02561368486909858
0.032,14,768,slow,102.5,3.2800000000000002,3203.125,0.025044487735857147
0.032,14,768,slow,103.125,3.3000000000000003,3222.65625,0.024487939519725294
0.032,14,768,slow,103.75,3.3200000000000003,3242.1875,0.02394375913161204
0.032,14,768,slow,104.375,3.34,3261.71875,0.023411671728896237
0.032,14,768,slow,105.0,3.36,3281.25,0.02289140857661506
0.032,14,768,slow,105.625,3.38,3300.78125,0.022382706911737296
0.032,14,768,slow,106.25,3.4,3320.3125,0.02188530981045274
0.032,14,768,slow,106.875,3.42,3339.84375,0.021398966058410806
0.032,14,768,slow,107.5,3.44,3359.375,0.020923430023842688
0.032,14,768,slow,108.125,3.46,3378.90625,0.02045846153350308
0.032,14,768,slow,108.75,3.48,3398.4375,0.02000382575136876
0.032,14,768,slow,109.375,3.5,3417.96875,0.0195592930600328
0.032,14,768,slow,110.0,3.52,3437.5,0.019124638944734436
0.032,14,768,slow,110.625,3.54,3457.03125,0.018699643879966147
0.032,14,768,slow,111.25,3.56,3476.5625,0.018284093218600497
0.032,14,768,slow,111.875,3.58,3496.09375,0.017877777083480893
0.032,14,768,slow,112.5,3.6,3515.625,0.01748049026142156
0.032,14,768,slow,113.125,3.62,3535.15625,0.017092032099562834
0.032,14,768,slow,113.75,3.64,3554.6875,0.016712206404029966
0.032,14,768,slow,114.375,3.66,3574.21875,0.01634082134084377
0.032,14,768,slow,115.0,3.68,3593.75,0.015977689339033384
0.032,14,768,slow,115.625,3.7,3613.28125,0.015622626995902061
0.032,14,768,slow,116.25,3.72,3632.8125,0.015275454984398164
0.032,14,768,slow,116.875,3.74,3652.34375,0.01493599796254462
0.032,14,768,slow,117.5,3.7600000000000002,3671.875,0.014604084484881066
0.032,14,768,slow,118.125,3.7800000000000002,3691.40625,0.014279546915873957
0.032,14,768,slow,118.75,3.8000000000000003,3710.9375,0.013962221345250905
0.032,14,768,slow,119.375,3.8200000000000003,3730.46875,0.013651947505216496
0.032,14,768,slow,120.0,3.84,3750.0,0.013348568689507768
0.032,14,768,slow,120.625,3.86,3769.53125,0.013051931674248495
0.032,14,768,slow,121.25,3.88,3789.0625,0.012761886640562192
0.032,14,768,slow,121.875,3.9,3808.59375,0.012478287098904958
0.032,14,768,slow,122.5,3.92,3828.125,0.012200989815079749
0.032,14,768,slow,123.125,3.94,3847.65625,0.011929854737894804
0.032,14,768,slow,123.75,3.96,3867.1875,0.011664744928429697
0.032,14,768,slow,124.375,3.98,3886.71875,0.011405526490873237
0.032,14,768,slow,125.0,4.0,3906.25,0.011152068504898319
0.032,14,768,fast,0.0,0.0,0.0,1.0000000000000002
0.032,14,768,fast,0.00064,2.048e-05,0.02,0.9999064988757153
0.032,14,768,fast,0.00128,4.096e-05,0.04,0.9998180635276634
0.032,14,768,fast,0.00192,6.144000000000001e-05,0.06,0.9997342632632313
0.032,14,768,fast,0.00256,8.192e-05,0.08,0.9996547107208069
0.032,14,768,fast,0.0032,0.00010240000000000001,0.1,0.9995790565936016
0.032,14,768,fast,0.00384,0.00012288000000000002,0.12,0.9995069851422572
0.032,14,768,fast,0.0044800000000000005,0.00014336,0.14,0.9994382103549805
0.032,14,768,fast,0.00512,0.00016384,0.16,0.9993724726426918
0.032,14,768,fast,0.0057599999999999995,0.00018432,0.18,0.9993095359790942
0.032,14,768,fast,0.0064,0.00020480000000000002,0.2,0.9992491854131215
0.032,14,768,fast,0.00704,0.00022528,0.22,0.9991912248950285
0.032,14,768,fast,0.00768,0.00024576000000000003,0.24,0.9991354753682676
0.032,14,768,fast,0.008320000000000001,0.00026624000000000005,0.26,0.9990817730879333
0.032,14,768,fast,0.008960000000000001,0.00028672,0.28,0.9990299681334307
0.032,14,768,fast,0.0096,0.0003072,0.3,0.9989799230885281
0.032,14,768,fast,0.01024,0.00032768,0.32,0.9989315118663882
0.032,14,768,fast,0.01088,0.00034816000000000003,0.34,0.9988846186607562
0.032,14,768,fast,0.011519999999999999,0.00036864,0.36,0.9988391370073999
0.032,14,768,fast,0.01216,0.00038912,0.38,0.9987949689422934
0.032,14,768,fast,0.0128,0.00040960000000000004,0.4,0.9987520242449949
0.032,14,768,fast,0.01344,0.00043008,0.42,0.9987102197573114
0.032,14,768,fast,0.01408,0.00045056,0.44,0.9986694787686875
0.032,14,768,fast,0.01472,0.00047104000000000004,0.46,0.9986297304609066
0.032,14,768,fast,0.01536,0.0004915200000000001,0.48,0.9985909094056484
0.032,14,768,fast,0.016,0.000512,0.5,0.9985529551092569
0.032,14,768,fast,0.016640000000000002,0.0005324800000000001,0.52,0.9985158115997678
0.032,14,768,fast,0.01728,0.00055296,0.54,0.9984794270518433
0.032,14,768,fast,0.017920000000000002,0.00057344,0.56,0.9984437534457626
0.032,14,768,fast,0.01856,0.0005939200000000001,0.58,0.9984087462570639
0.032,14,768,fast,0.0192,0.0006144,0.6,0.9983743641738165
0.032,14,768,fast,0.01984,0.00063488,0.62,0.9983405688388285
0.032,14,768,fast,0.02048,0.00065536,0.64,0.9983073246143968
0.032,14,768,fast,0.02112,0.00067584,0.66,0.9982745983674506
0.032,14,768,fast,0.02176,0.0006963200000000001,0.68,0.998242359273173
0.032,14,768,fast,0.022400000000000003,0.0007168000000000001,0.7000000000000001,0.9982105786353781
0.032,14,768,fast,0.023039999999999998,0.00073728,0.72,0.9981792297220982
0.032,14,768,fast,0.02368,0.00075776,0.74,0.9981482876149909
0.032,14,768,fast,0.02432,0.00077824,0.76,0.9981177290713151
0.032,14,768,fast,0.024960000000000003,0.0007987200000000002,0.78,0.9980875323973472
0.032,14,768,fast,0.0256,0.0008192000000000001,0.8,0.9980576773322107
0.032,14,768,fast,0.026240000000000003,0.0008396800000000001,0.8200000000000001,0.9980281449412126
0.032,14,768,fast,0.02688,0.00086016,0.84,0.9979989175178344
0.032,14,768,fast,0.02752,0.00088064,0.86,0.9979699784936392
0.032,14,768,fast,0.02816,0.00090112,0.88,0.9979413123553971
0.032,14,768,fast,0.028800000000000003,0.0009216000000000001,0.9,0.9979129045688172
0.032,14,768,fast,0.02944,0.0009420800000000001,0.92,0.9978847415083167
0.032,14,768,fast,0.030080000000000003,0.0009625600000000001,0.9400000000000001,0.997856810392315
0.032,14,768,fast,0.03072,0.0009830400000000001,0.96,0.9978290992235903
0.032,14,768,fast,0.03136,0.00100352,0.98,0.997801596734268
0.032,14,768,fast,0.032,0.001024,1.0,0.9977742923350619
0.032,14,768,fast,0.03264,0.0010444800000000002,1.02,0.9977471760684078
0.032,14,768,fast,0.033280000000000004,0.0010649600000000002,1.04,0.9977202385651771
0.032,14,768,fast,0.033920000000000006,0.0010854400000000002,1.06,0.9976934710046691
0.032,14,768,fast,0.03456,0.00110592,1.08,0.9976668650776209
0.032,14,768,fast,0.0352,0.0011264,1.1,0.9976404129519851
0.032,14,768,fast,0.035840000000000004,0.00114688,1.12,0.9976141072412583
0.032,14,768,fast,0.036480000000000005,0.00116736,1.1400000000000001,0.9975879409751475
0.032,14,768,fast,0.03712,0.0011878400000000001,1.16,0.9975619075723977
0.032,14,768,fast,0.03776,0.0012083200000000001,1.18,0.997536000815599
0.032,14,768,fast,0.0384,0.0012288,1.2,0.9975102148278264
0.032,14,768,fast,0.03904,0.00124928,1.22,0.9974845440509598
0.032,14,768,fast,0.03968,0.00126976,1.24,0.9974589832255607
0.032,14,768,fast,0.04032,0.00129024,1.26,0.9974335273721775
0.032,14,768,fast,0.04096,0.00131072,1.28,0.9974081717739753
0.032,14,768,fast,0.041600000000000005,0.0013312000000000003,1.3,0.9973829119605827
0.032,14,768,fast,0.04224,0.00135168,1.32,0.9973577436930658
0.032,14,768,fast,0.04288,0.00137216,1.34,0.9973326629499447
0.032,14,768,fast,0.04352,0.0013926400000000001,1.36,0.9973076659141679
0.032,14,768,fast,0.044160000000000005,0.0014131200000000001,1.3800000000000001,0.9972827489609795
0.032,14,768,fast,0.044800000000000006,0.0014336000000000002,1.4000000000000001,0.9972579086466071
0.032,14,768,fast,0.04544,0.0014540800000000002,1.42,0.997233141697712
0.032,14,768,fast,0.046079999999999996,0.00147456,1.44,0.9972084450015434
0.032,14,768,fast,0.04672,0.00149504,1.46,0.9971838155967453
0.032,14,768,fast,0.04736,0.00151552,1.48,0.9971592506647708
0.032,14,768,fast,0.048,0.001536,1.5,0.9971347475218538
0.032,14,768,fast,0.04864,0.00155648,1.52,0.9971103036115034
0.032,14,768,fast,0.049280000000000004,0.00157696,1.54,0.9970859164974799
0.032,14,768,fast,0.049920000000000006,0.0015974400000000003,1.56,0.9970615838572203
0.032,14,768,fast,0.05056,0.0016179200000000001,1.58,0.9970373034756769
0.032,14,768,fast,0.0512,0.0016384000000000001,1.6,0.9970130732395471
0.032,14,768,fast,0.051840000000000004,0.0016588800000000002,1.62,0.9969888911318577
0.032,14,768,fast,0.052480000000000006,0.0016793600000000002,1.6400000000000001,0.9969647552268887
0.032,14,768,fast,0.05312000000000001,0.0016998400000000002,1.6600000000000001,0.9969406636854029
0.032,14,768,fast,0.05376,0.00172032,1.68,0.9969166147501695
0.032,14,768,fast,0.0544,0.0017408,1.7,0.9968926067417547
0.032,14,768,fast,0.05504,0.00176128,1.72,0.9968686380545654
0.032,14,768,fast,0.05568,0.00178176,1.74,0.9968447071531242
0.032,14,768,fast,0.05632,0.00180224,1.76,0.9968208125685672
0.032,14,768,fast,0.056960000000000004,0.0018227200000000001,1.78,0.996796952895342
0.032,14,768,fast,0.057600000000000005,0.0018432000000000001,1.8,0.9967731267880978
0.032,14,768,fast,0.05824,0.00186368,1.82,0.9967493329587529
0.032,14,768,fast,0.05888,0.0018841600000000002,1.84,0.9967255701737288
0.032,14,768,fast,0.05952,0.0019046400000000002,1.86,0.9967018372513381
0.032,14,768,fast,0.060160000000000005,0.0019251200000000002,1.8800000000000001,0.9966781330593205
0.032,14,768,fast,0.06080000000000001,0.0019456000000000002,1.9000000000000001,0.9966544565125118
0.032,14,768,fast,0.06144,0.0019660800000000003,1.92,0.9966308065706426
0.032,14,768,fast,0.062079999999999996,0.00198656,1.94,0.9966071822362552
0.032,14,768,fast,0.06272,0.00200704,1.96,0.9965835825527329
0.032,14,768,fast,0.06336,0.00202752,1.98,0.9965600066024327
0.032,14,768,fast,0.064,0.002048,2.0,0.9965364535049203
0.032,14,768,fast,0.06464,0.00206848,2.02,0.9965129224152923
0.032,14,768,fast,0.06528,0.0020889600000000004,2.04,0.9964894125225903
0.032,14,768,fast,0.06592,0.00210944,2.06,0.9964659230482921
0.032,14,768,fast,0.06656000000000001,0.0021299200000000004,2.08,0.9964424532448835
0.032,14,768,fast,0.06720000000000001,0.0021504000000000002,2.1,0.9964190023945007
0.032,14,768,fast,0.06784000000000001,0.0021708800000000005,2.12,0.9963955698076389
0.032,14,768,fast,0.06848,0.00219136,2.14,0.9963721548219293
0.032,14,768,fast,0.06912,0.00221184,2.16,0.9963487568009716
0.032,14,768,fast,0.06976,0.0022323200000000003,2.18,0.9963253751332268
0.032,14,768,fast,0.0704,0.0022528,2.2,0.9963020092309625
0.032,14,768,fast,0.07104,0.0022732800000000004,2.22,0.9962786585292482
0.032,14,768,fast,0.07168000000000001,0.00229376,2.24,0.9962553224849996
0.032,14,768,fast,0.07232000000000001,0.0023142400000000004,2.2600000000000002,0.9962320005760679
0.032,14,768,fast,0.07296000000000001,0.00233472,2.2800000000000002,0.9962086923003703
0.032,14,768,fast,0.07360000000000001,0.0023552000000000004,2.3000000000000003,0.9961853971750632
0.032,14,768,fast,0.07424,0.0023756800000000002,2.32,0.9961621147357526
0.032,14,768,fast,0.07488,0.00239616,2.34,0.9961388445357392
0.032,14,768,fast,0.07552,0.0024166400000000003,2.36,0.9961155861453012
0.032,14,768,fast,0.07615999999999999,0.0024371199999999997,2.38,0.9960923391510057
0.032,14,768,fast,0.0768,0.0024576,2.4,0.9960691031550538
0.032,14,768,fast,0.07744,0.0024780799999999997,2.42,0.9960458777746531
0.032,14,768,fast,0.07808,0.00249856,2.44,0.9960226626414201
0.032,14,768,fast,0.07872,0.00251904,2.46,0.9959994574008053
0.032,14,768,fast,0.07936,0.00253952,2.48,0.9959762617115467
0.032,14,768,fast,0.08,0.00256,2.5,0.9959530752451465
0.032,14,768,fast,0.08064,0.00258048,2.52,0.9959298976853679
0.032,14,768,fast,0.08128,0.0026009600000000003,2.54,0.9959067287277562
0.032,14,768,fast,0.08192,0.00262144,2.56,0.9958835680791791
0.032,14,768,fast,0.08256000000000001,0.0026419200000000003,2.58,0.9958604154573865
0.032,14,768,fast,0.08320000000000001,0.0026624000000000005,2.6,0.9958372705905888
0.032,14,768,fast,0.08384000000000001,0.0026828800000000003,2.62,0.9958141332170531
0.032,14,768,fast,0.08448,0.00270336,2.64,0.9957910030847159
0.032,14,768,fast,0.08512,0.00272384,2.66,0.9957678799508121
0.032,14,768,fast,0.08576,0.00274432,2.68,0.9957447635815179
0.032,14,768,fast,0.0864,0.0027648000000000004,2.7,0.9957216537516121
0.032,14,768,fast,0.08704,0.0027852800000000002,2.72,0.9956985502441461
0.032,14,768,fast,0.08768000000000001,0.0028057600000000005,2.74,0.9956754528501311
0.032,14,768,fast,0.08832000000000001,0.0028262400000000003,2.7600000000000002,0.9956523613682369
0.032,14,768,fast,0.08896000000000001,0.0028467200000000005,2.7800000000000002,0.9956292756045002
0.032,14,768,fast,0.08960000000000001,0.0028672000000000003,2.8000000000000003,0.9956061953720513
0.032,14,768,fast,0.09024,0.00288768,2.82,0.9955831204908429
0.032,14,768,fast,0.09088,0.0029081600000000003,2.84,0.9955600507873963
0.032,14,768,fast,0.09152,0.00292864,2.86,0.9955369860945551
0.032,14,768,fast,0.09215999999999999,0.00294912,2.88,0.9955139262512492
0.032,14,768,fast,0.0928,0.0029695999999999998,2.9,0.9954908711022668
0.032,14,768,fast,0.09344,0.00299008,2.92,0.9954678204980375
0.032,14,768,fast,0.09408,0.00301056,2.94,0.9954447742944211
0.032,14,768,fast,0.09472,0.00303104,2.96,0.9954217323525077
0.032,14,768,fast,0.09536,0.0030515200000000003,2.98,0.9953986945384232
0.032,14,768,fast,0.096,0.003072,3.0,0.9953756607231429
0.032,14,768,fast,0.09664,0.0030924800000000003,3.02,0.9953526307823127
0.032,14,768,fast,0.09728,0.00311296,3.04,0.995329604596077
0.032,14,768,fast,0.09792000000000001,0.0031334400000000004,3.06,0.9953065820489125
0.032,14,768,fast,0.09856000000000001,0.00315392,3.08,0.99528356302947
0.032,14,768,fast,0.09920000000000001,0.0031744000000000004,3.1,0.9952605474304195
0.032,14,768,fast,0.09984000000000001,0.0031948800000000006,3.12,0.9952375351483043
0.032,14,768,fast,0.10048,0.00321536,3.14,0.9952145260833987
0.032,14,768,fast,0.10112,0.0032358400000000002,3.16,0.9951915201395708
0.032,14,768,fast,0.10176,0.00325632,3.18,0.9951685172241518
0.032,14,768,fast,0.1024,0.0032768000000000003,3.2,0.9951455172478098
0.032,14,768,fast,0.10304,0.00329728,3.22,0.9951225201244274
0.032,14,768,fast,0.10368000000000001,0.0033177600000000003,3.24,0.9950995257709846
0.032,14,768,fast,0.10432000000000001,0.0033382400000000006,3.2600000000000002,0.9950765341074471
0.032,14,768,fast,0.10496000000000001,0.0033587200000000004,3.2800000000000002,0.9950535450566566
0.032,14,768,fast,0.10560000000000001,0.0033792000000000006,3.3000000000000003,0.9950305585442261
0.032,14,768,fast,0.10624000000000001,0.0033996800000000004,3.3200000000000003,0.995007574498441
0.032,14,768,fast,0.10688,0.00342016,3.34,0.9949845928501603
0.032,14,768,fast,0.10752,0.00344064,3.36,0.994961613532724
0.032,14,768,fast,0.10815999999999999,0.00346112,3.38,0.9949386364818634
0.032,14,768,fast,0.1088,0.0034816,3.4,0.9949156616356147
0.032,14,768,fast,0.10944,0.00350208,3.42,0.994892688934235
0.032,14,768,fast,0.11008,0.00352256,3.44,0.994869718320122
0.032,14,768,fast,0.11072,0.00354304,3.46,0.9948467497377383
0.032,14,768,fast,0.11136,0.00356352,3.48,0.994823783133534
0.032,14,768,fast,0.112,0.003584,3.5,0.9948008184558779
0.032,14,768,fast,0.11264,0.00360448,3.52,0.9947778556549858
0.032,14,768,fast,0.11328,0.0036249600000000004,3.54,0.9947548946828566
0.032,14,768,fast,0.11392000000000001,0.0036454400000000002,3.56,0.9947319354932052
0.032,14,768,fast,0.11456000000000001,0.0036659200000000005,3.58,0.9947089780414029
0.032,14,768,fast,0.11520000000000001,0.0036864000000000003,3.6,0.9946860222844165
0.032,14,768,fast,0.11584000000000001,0.0037068800000000005,3.62,0.9946630681807517
0.032,14,768,fast,0.11648,0.00372736,3.64,0.9946401156903977
0.032,14,768,fast,0.11712,0.00374784,3.66,0.9946171647747732
0.032,14,768,fast,0.11776,0.0037683200000000003,3.68,0.9945942153966758
0.032,14,768,fast,0.1184,0.0037888,3.7,0.994571267520232
0.032,14,768,fast,0.11904,0.0038092800000000004,3.72,0.9945483211108497
0.032,14,768,fast,0.11968000000000001,0.00382976,3.74,0.9945253761351722
0.032,14,768,fast,0.12032000000000001,0.0038502400000000004,3.7600000000000002,0.9945024325610341
0.032,14,768,fast,0.12096000000000001,0.0038707200000000007,3.7800000000000002,0.9944794903574176
0.032,14,768,fast,0.12160000000000001,0.0038912000000000005,3.8000000000000003,0.994456549494413
0.032,14,768,fast,0.12224000000000002,0.003911680000000001,3.8200000000000003,0.9944336099431776
0.032,14,768,fast,0.12288,0.0039321600000000005,3.84,0.9944106716758981
0.032,14,768,fast,0.12352,0.00395264,3.86,0.9943877346657535
0.032,14,768,fast,0.12415999999999999,0.00397312,3.88,0.9943647988868797
0.032,14,768,fast,0.1248,0.0039936,3.9,0.9943418643143347
0.032,14,768,fast,0.12544,0.00401408,3.92,0.9943189309240671
0.032,14,768,fast,0.12608,0.00403456,3.94,0.9942959986928822
0.032,14,768,fast,0.12672,0.00405504,3.96,0.9942730675984128
0.032,14,768,fast,0.12736,0.00407552,3.98,0.9942501376190892
0.032,14,768,fast,0.128,0.004096,4.0,0.9942272087341106
0.032,14,768,long_tail,125.62499999999999,4.02,3925.7812499999995,0.010904242959539595
0.032,14,768,long_tail,128.05347179374667,4.097711097399894,4001.670993554583,0.009992470102932697
0.032,14,768,long_tail,130.52888866413437,4.1769244372523,4079.027770754199,0.009141492516458091
0.032,14,768,long_tail,133.0521581120146,4.257669059584468,4157.879941000457,0.008348608576982842
0.032,14,768,long_tail,135.62420518124569,4.339974565799862,4238.256411913928,0.007611134333269936
0.032,14,768,long_tail,138.24597279781864,4.4238711295301965,4320.186649931832,0.0069264108009319154
0.032,14,768,long_tail,140.91842211553865,4.509389507697237,4403.700691110583,0.006291810968989298
0.032,14,768,long_tail,143.64253286838942,4.596561051788462,4488.829152137169,0.005704746482929282
0.032,14,768,long_tail,146.41930372970856,4.685417719350674,4575.603241553393,0.005162673971638656
0.032,14,768,long_tail,149.2497526783066,4.775992085705812,4664.054771197081,0.004663100988364656
0.032,14,768,long_tail,152.13491737166336,4.868317355893228,4754.21616786448,0.0042035915389147804
0.032,14,768,long_tail,155.07585552633856,4.962427376842834,4846.12048519808,0.0037817711736118347
0.032,14,768,long_tail,158.0736453057364,5.058356649783565,4939.801415804262,0.0033953316230410312
0.032,14,768,long_tail,161.12938571536586,5.156140342891708,5035.293303605183,0.0030420349613258764
0.032,14,768,long_tail,164.244197005742,5.255814304183744,5132.631156429437,0.0027197172845088665
0.032,14,768,long_tail,167.41922108307554,5.357415074658418,5231.8506588461105,0.0024262918955504265
0.032,14,768,long_tail,170.65562192790176,5.460979901692856,5332.98818524693,0.002159751991450635
0.032,14,768,long_tail,173.95458602180193,5.566546752697662,5436.08081318131,0.00191817285199809
0.032,14,768,long_tail,177.31732278237374,5.67415432903596,5541.166336949179,0.001699713533612597
0.032,14,768,long_tail,180.74506500660996,5.783842080211519,5648.283281456561,0.0015026180756271812
0.032,14,768,long_tail,184.23906932284854,5.895650218331153,5757.470916339016,0.0013252162301048288
0.032,14,768,long_tail,187.8006166514589,6.009619732846685,5868.769270358091,0.001165923729862726
0.032,14,768,long_tail,191.43101267443456,6.1257924055819055,5982.21914607608,0.0010232421127393896
0.032,14,768,long_tail,195.1315883140622,6.244210826049991,6097.862134814444,0.0008957581232497547
0.032,14,768,long_tail,198.9037002208459,6.364918407067069,6215.740631901434,0.000782142715594045
0.032,14,768,long_tail,202.74873127086124,6.48795940066756,6335.897852214413,0.0006811496844878664
0.032,14,768,long_tail,206.66809107272564,6.613378914327221,6458.377846022676,0.0005916139524362031
0.032,14,768,long_tail,210.66321648436818,6.7412229274997815,6583.225515136505,0.0005124495438626767
0.032,14,768,long_tail,214.735572139789,6.871538308473249,6710.486629368406,0.0004426472779113772
0.032,14,768,long_tail,218.88665098600228,7.0043728315520735,6840.207843312571,0.0003812722127526204
0.032,14,768,long_tail,223.117974830358,7.139775194571456,6972.436713448687,0.00032746087484248075
0.032,14,768,long_tail,227.4310948984449,7.277795036750237,7107.221715576404,0.00028041830681145384
0.032,14,768,long_tail,231.82759240277764,7.418482956888885,7244.612262586801,0.0002394149674987733
0.032,14,768,long_tail,236.30907912247804,7.561890531919297,7384.658722577438,0.0002037835171201596
0.032,14,768,long_tail,240.87719799416112,7.708070335813156,7527.412437317535,0.00017291551967805782
0.032,14,768,long_tail,245.53362371424527,7.857075958855849,7672.925741070165,0.00014625809351969911
0.032,14,768,long_tail,250.2800633529037,8.008962027292919,7821.251979778241,0.00012331053944925115
0.032,14,768,long_tail,255.1182569798861,8.163784223356355,7972.44553062144,0.00010362097403916241
0.032,14,768,long_tail,260.0499783024372,8.32159930567799,8126.561821951162,8.678299379939371e-05
0.032,14,768,long_tail,265.07703531554694,8.482465130097502,8283.65735361084,7.243239369042553e-05
0.032,14,768,long_tail,270.2012709647713,8.646440670872682,8443.789717649102,6.0243961147500096e-05
0.032,14,768,long_tail,275.4245638218655,8.813586042299695,8607.017619433296,4.992836436086494e-05
0.032,14,768,long_tail,280.7488287734786,8.983962520751314,8773.400899171205,4.12291510711801e-05
0.032,14,768,long_tail,286.17601772316067,9.15763256714114,8943.000553848771,3.391987163121075e-05
0.032,14,768,long_tail,291.70812030694145,9.334659849822126,9115.87875959192,2.7801337593242675e-05
0.032,14,768,long_tail,297.3471646227407,9.515109267927702,9292.098894460647,2.2699024642776288e-05
0.032,14,768,long_tail,303.09521797388004,9.699046975164162,9471.725561683752,1.8460626346393377e-05
0.032,14,768,long_tail,308.9543876269672,9.88654040406295,9654.824613342726,1.4953762945137042e-05
0.032,14,768,long_tail,314.92682158443097,10.077658290701791,9841.463174513468,1.206384733017978e-05
0.032,14,768,long_tail,321.01470937199,10.27247069990368,10031.709667874688,9.69210840655032e-06
0.032,14,768,long_tail,327.2202828413445,10.471049050923025,10225.633838792015,7.753770300297796e-06
0.032,14,768,long_tail,333.54581698838564,10.67346614362834,10423.306780887051,6.176384307123095e-06
0.032,14,768,long_tail,339.99363078721933,10.879796185191019,10624.800962100604,4.898309124059836e-06
0.032,14,768,long_tail,346.5660880403163,11.090114817290122,10830.190251259884,3.867333753643578e-06
0.032,14,768,long_tail,353.26559824509275,11.304499143842968,11039.549945159148,3.0394365213925183e-06
0.032,14,768,long_tail,360.0946174772461,11.523027759271876,11252.95679616394,2.3776728976660482e-06
0.032,14,768,long_tail,367.0556492911647,11.74578077731727,11470.489040348895,1.8511842559732484e-06
0.032,14,768,long_tail,374.15124563774356,11.972839860407793,11692.226426179486,1.434319320464126e-06
0.032,14,768,long_tail,381.38400779994424,12.204288249598216,11918.250243748258,1.1058598420857992e-06
0.032,14,768,long_tail,388.75658734643764,12.440210795086005,12148.643354576176,8.483419802115094e-07
0.032,14,768,long_tail,396.2716871036839,12.680693987317886,12383.490221990121,6.474649375464784e-07
0.032,14,768,long_tail,403.9320621468019,12.925825988697662,12622.87694208756,4.915785830178437e-07
0.032,14,768,long_tail,411.7405208095957,13.175696665907063,12866.891275299866,3.712420820478901e-07
0.032,14,768,long_tail,419.69992571410273,13.430397622851288,13115.62267856571,2.788459180957461e-07
0.032,14,768,long_tail,427.8131948200472,13.69002223424151,13369.162338126474,2.0829011617602763e-07
0.032,14,768,long_tail,436.08330249457964,13.95466567982655,13627.603202955614,1.547119516739298e-07
0.032,14,768,long_tail,444.51328060269515,14.224424979286246,13891.040018834223,1.1425693082667558e-07
0.032,14,768,long_tail,453.1062196187308,14.499399027799386,14159.569363085337,8.388734881962245e-08
0.032,14,768,long_tail,461.8652697593499,14.779688632299198,14433.289679979685,6.122325523949379e-08
0.032,14,768,long_tail,470.79364213842905,15.06539654842973,14712.301316825908,4.4411174023616935e-08
0.032,14,768,long_tail,479.89460994426764,15.356627518216564,14996.706560758363,3.201642716518184e-08
0.032,14,768,long_tail,489.1715096395569,15.653488308465821,15286.609676236154,2.2935391120533793e-08
0.032,14,768,long_tail,498.6277421845451,15.956087749905445,15582.116943267034,1.6324466607077342e-08
0.032,14,768,long_tail,508.2667742838469,16.2645367770831,15883.336696370216,1.1542962316439577e-08
0.032,14,768,long_tail,518.0921396573551,16.578948469035364,16190.379364292347,8.10747844237266e-09
0.032,14,768,long_tail,528.1074403357213,16.899438090743082,16503.357510491292,5.6557255305733255e-09
0.032,14,768,long_tail,538.3163479808799,17.226123135388157,16822.385874402495,3.91802776832672e-09
0.032,14,768,long_tail,548.7226052320984,17.55912336742715,17147.581413503074,2.6950381133445215e-09
0.032,14,768,long_tail,559.3300270780477,17.898560866497526,17479.06334618899,1.8404370015767074e-09
0.032,14,768,long_tail,570.1425022553979,18.24456007217273,17816.953195481183,1.247598712211118e-09
0.032,14,768,long_tail,581.1639946744499,18.597247829582397,18161.37483357656,8.393921371257529e-10
0.032,14,768,long_tail,592.3985448723253,18.956753435914408,18512.454527260164,5.604382862202837e-10
0.032,14,768,long_tail,603.8502714942477,19.323208687815928,18870.32098419524,3.712780723512134e-10
0.032,14,768,long_tail,615.5233728034622,19.69674792971079,19235.105400108194,2.440134975678066e-10
0.032,14,768,long_tail,627.4221282203382,20.077508103050825,19606.941506885567,1.5907598372128735e-10
0.032,14,768,long_tail,639.5508998912289,20.465628796519326,19985.965621600903,1.028498079056464e-10
0.032,14,768,long_tail,651.9141342876561,20.861252297204995,20372.31669648925,6.593879652732875e-11
0.032,14,768,long_tail,664.5163638364114,21.264523642765166,20766.136369887856,4.191277678278823e-11
0.032,14,768,long_tail,677.3622085811667,21.675590674597334,21167.56901816146,2.640873465763119e-11
0.032,14,768,long_tail,690.456377876206,22.094604092038594,21576.76180863144,1.6491909828193963e-11
0.032,14,768,long_tail,703.8036721129015,22.52171750761285,21993.86475352817,1.0205670624206009e-11
0.032,14,768,long_tail,717.4089844795607,22.957087503345942,22419.03076498627,6.257242272723107e-12
0.032,14,768,long_tail,731.2773027552948,23.400873688169437,22852.415711102964,3.80029518509178e-12
0.032,14,768,long_tail,745.4137111385655,23.8532387564341,23294.178473080174,2.2859421528413556e-12
0.032,14,768,long_tail,759.8233921110793,24.314348547554538,23744.481003471228,1.3615881273207412e-12
0.032,14,768,long_tail,774.511628337712,24.78437210680678,24203.488385553497,8.029276194961938e-13
0.032,14,768,long_tail,789.4838046031607,25.263481747301142,24671.368893848772,4.686763859685088e-13
0.032,14,768,long_tail,804.745409786035,25.75185311315312,25148.294055813592,2.707385306761204e-13
0.032,14,768,long_tail,820.3020388711101,26.249665243875523,25634.43871472219,1.5474620692977515e-13
0.032,14,768,long_tail,836.1593950004747,26.75710064001519,26129.981093764833,8.749713803458702e-14
0.032,14,768,long_tail,852.3232915643349,27.27434533005872,26635.102861385465,4.893062827990535e-14
0.032,14,768,long_tail,868.7996543322339,27.801588938631486,27149.989197882307,2.7057540046707178e-14
0.032,14,768,long_tail,885.5945236254697,28.339024756015032,27674.828863295927,1.4791835760508027e-14
0.032,14,768,long_tail,902.7140565315078,28.88684980900825,28209.814266609617,7.992560685832374e-15
0.032,14,768,long_tail,920.1645291612026,29.445264933158484,28755.14153628758,4.2675822718821024e-15
0.032,14,768,long_tail,937.9523389496537,30.01447484638892,29311.010592176677,2.251179131884361e-15
0.032,14,768,long_tail,956.0840070015389,30.594688224049246,29877.62521879809,1.1729204696399e-15
0.032,14,768,long_tail,974.566180481782,31.186117775417024,30455.193140055686,6.034671515618162e-16
0.032,14,768,long_tail,993.4056350524443,31.788980321678217,31043.926095388884,3.0652045057834437e-16
0.032,14,768,long_tail,1012.6092773567143,32.40349687541486,31644.03991739732,1.5366613666068448e-16
0.032,14,768,long_tail,1032.1841475509198,33.02989272162943,32255.754610966243,7.601509621527743e-17
0.032,14,768,long_tail,1052.137421885486,33.66839750033555,32879.29443392144,3.709474776732473e-17
0.032,14,768,long_tail,1072.4764153357885,34.31924529074523,33514.88797924339,1.7852607695192293e-17
0.032,14,768,long_tail,1093.2085842838605,34.98267469708354,34162.768258870645,8.471320823759787e-18
0.032,14,768,long_tail,1114.3415292519417,35.65892893606213,34823.17278912318,3.9622524031942825e-18
0.032,14,768,long_tail,1135.882997688868,36.34825592604378,35496.34367777713,1.8262225555296695e-18
0.032,14,768,long_tail,1157.8408868103318,37.05090837793062,36182.52771282287,8.292061272306737e-19
0.032,14,768,long_tail,1180.2232464940382,37.767143887809226,36881.976452938696,3.7080265251971626e-19
0.032,14,768,long_tail,1203.0382822308334,38.49722503138667,37594.94631971354,1.6325502417455362e-19
0.032,14,768,long_tail,1226.2943581328836,39.241419460252274,38321.698691652615,7.074619062170797e-20
0.032,14,768,long_tail,1250.0,40.0,39062.5,3.0166102865065886e-20
0.008,8,768,slow,0.0,0.0,0.0,0.9999999999999987
0.008,8,768,slow,2.5,0.02,312.5,0.9777528161532508
0.008,8,768,slow,5.0,0.04,625.0,0.9560739879283273
0.008,8,768,slow,7.5,0.06,937.5,0.9348785168846103
0.008,8,768,slow,10.0,0.08,1250.0,0.9141552949525148
0.008,8,768,slow,12.5,0.1,1562.5,0.8938935180928628
0.008,8,768,slow,15.0,0.12,1875.0,0.8740826658567041
0.008,8,768,slow,17.5,0.14,2187.5,0.8547124883842245
0.008,8,768,slow,20.0,0.16,2500.0,0.8357729952187086
0.008,8,768,slow,22.5,0.18,2812.5,0.8172544452258538
0.008,8,768,slow,25.0,0.2,3125.0,0.7991473374011496
0.008,8,768,slow,27.5,0.22,3437.5,0.7814424024240478
0.008,8,768,slow,30.0,0.24,3750.0,0.7641305948484438
0.008,8,768,slow,32.5,0.26,4062.5,0.7472030858403781
0.008,8,768,slow,35.0,0.28,4375.0,0.7306512563903859
0.008,8,768,slow,37.5,0.3,4687.5,0.7144666909409036
0.008,8,768,slow,40.0,0.32,5000.0,0.698641171379418
0.008,8,768,slow,42.5,0.34,5312.5,0.6831666713562328
0.008,8,768,slow,45.0,0.36,5625.0,0.6680353508923039
0.008,8,768,slow,47.5,0.38,5937.5,0.6532395512478845
0.008,8,768,slow,50.0,0.4,6250.0,0.6387717900270469
0.008,8,768,slow,52.5,0.42,6562.5,0.6246247564966684
0.008,8,768,slow,55.0,0.44,6875.0,0.6107913071013893
0.008,8,768,slow,57.5,0.46,7187.5,0.5972644611584639
0.008,8,768,slow,60.0,0.48,7500.0,0.584037396718453
0.008,8,768,slow,62.5,0.5,7812.5,0.571103446579409
0.008,8,768,slow,65.0,0.52,8125.0,0.5584560944436464
0.008,8,768,slow,67.5,0.54,8437.5,0.546088971207426
0.008,8,768,slow,70.0,0.56,8750.0,0.5339958513749332
0.008,8,768,slow,72.5,0.58,9062.5,0.5221706495888422
0.008,8,768,slow,75.0,0.6,9375.0,0.5106074172705439
0.008,8,768,slow,77.5,0.62,9687.5,0.49930033936380636
0.008,8,768,slow,80.0,0.64,10000.0,0.4882437311762279
0.008,8,768,slow,82.5,0.66,10312.5,0.47743203531337597
0.008,8,768,slow,85.0,0.68,10625.0,0.46685981870096094
0.008,8,768,slow,87.5,0.7000000000000001,10937.5,0.4565217696908053
0.008,8,768,slow,90.0,0.72,11250.0,0.446412695246729
0.008,8,768,slow,92.5,0.74,11562.5,0.4365275182067898
0.008,8,768,slow,95.0,0.76,11875.0,0.42686127461860646
0.008,8,768,slow,97.5,0.78,12187.5,0.4174091111447416
0.008,8,768,slow,100.0,0.8,12500.0,0.4081662825353522
0.008,8,768,slow,102.5,0.8200000000000001,12812.5,0.39912814916551603
0.008,8,768,slow,105.0,0.84,13125.0,0.3902901746348256
0.008,8,768,slow,107.5,0.86,13437.5,0.381647923427005
0.008,8,768,slow,110.0,0.88,13750.0,0.3731970586274506
0.008,8,768,slow,112.5,0.9,14062.5,0.36493333969673347
0.008,8,768,slow,115.0,0.92,14375.0,0.3568526202982159
0.008,8,768,slow,117.5,0.9400000000000001,14687.5,0.34895084617804883
0.008,8,768,slow,120.0,0.96,15000.0,0.3412240530959113
0.008,8,768,slow,122.5,0.98,15312.5,0.3336683648049451
0.008,8,768,slow,125.0,1.0,15625.0,0.3262799910794193
0.008,8,768,slow,127.5,1.02,15937.5,0.3190552257887324
0.008,8,768,slow,130.0,1.04,16250.0,0.31199044501642936
0.008,8,768,slow,132.5,1.06,16562.5,0.3050821052229735
0.008,8,768,slow,135.0,1.08,16875.0,0.2983267414510689
0.008,8,768,slow,137.5,1.1,17187.5,0.2917209655723837
0.008,8,768,slow,140.0,1.12,17500.0,0.2852614645745719
0.008,8,768,slow,142.5,1.1400000000000001,17812.5,0.2789449988875375
0.008,8,768,slow,145.0,1.16,18125.0,0.27276840074792486
0.008,8,768,slow,147.5,1.18,18437.5,0.2667285726008605
0.008,8,768,slow,150.0,1.2,18750.0,0.26082248553800474
0.008,8,768,slow,152.5,1.22,19062.5,0.2550471777710077
0.008,8,768,slow,155.0,1.24,19375.0,0.24939975313949356
0.008,8,768,slow,157.5,1.26,19687.5,0.24387737965272888
0.008,8,768,slow,160.0,1.28,20000.0,0.238477288064156
0.008,8,768,slow,162.5,1.3,20312.5,0.23319677047800047
0.008,8,768,slow,165.0,1.32,20625.0,0.22803317898718534
0.008,8,768,slow,167.5,1.34,20937.5,0.2229839243418086
0.008,8,768,slow,170.0,1.36,21250.0,0.2180464746474624
0.008,8,768,slow,172.5,1.3800000000000001,21562.5,0.21321835409269277
0.008,8,768,slow,175.0,1.4000000000000001,21875.0,0.20849714170491995
0.008,8,768,slow,177.5,1.42,22187.5,0.20388047013415717
0.008,8,768,slow,180.0,1.44,22500.0,0.1993660244638842
0.008,8,768,slow,182.5,1.46,22812.5,0.1949515410484503
0.008,8,768,slow,185.0,1.48,23125.0,0.1906348063763959
0.008,8,768,slow,187.5,1.5,23437.5,0.18641365595910087
0.008,8,768,slow,190.0,1.52,23750.0,0.18228597324417928
0.008,8,768,slow,192.5,1.54,24062.5,0.1782496885530595
0.008,8,768,slow,195.0,1.56,24375.0,0.174302778042198
0.008,8,768,slow,197.5,1.58,24687.5,0.17044326268739296
0.008,8,768,slow,200.0,1.6,25000.0,0.16666920729067475
0.008,8,768,slow,202.5,1.62,25312.5,0.16297871950926324
0.008,8,768,slow,205.0,1.6400000000000001,25625.0,0.15936994890609546
0.008,8,768,slow,207.5,1.6600000000000001,25937.5,0.15584108602143815
0.008,8,768,slow,210.0,1.68,26250.0,0.15239036146511106
0.008,8,768,slow,212.5,1.7,26562.5,0.14901604502885923
0.008,8,768,slow,215.0,1.72,26875.0,0.14571644481842239
0.008,8,768,slow,217.5,1.74,27187.5,0.14248990640486056
0.008,8,768,slow,220.0,1.76,27500.0,0.1393348119947054
0.008,8,768,slow,222.5,1.78,27812.5,0.13624957961851666
0.008,8,768,slow,225.0,1.8,28125.0,0.13323266233743247
0.008,8,768,slow,227.5,1.82,28437.5,0.13028254746731285
0.008,8,768,slow,230.0,1.84,28750.0,0.12739775582008353
0.008,8,768,slow,232.5,1.86,29062.5,0.12457684096189685
0.008,8,768,slow,235.0,1.8800000000000001,29375.0,0.12181838848773618
0.008,8,768,slow,237.5,1.9000000000000001,29687.5,0.11912101531209683
0.008,8,768,slow,240.0,1.92,30000.0,0.11648336897538622
0.008,8,768,slow,242.5,1.94,30312.5,0.11390412696569413
0.008,8,768,slow,245.0,1.96,30625.0,0.11138199605559093
0.008,8,768,slow,247.5,1.98,30937.5,0.10891571165361995
0.008,8,768,slow,250.0,2.0,31250.0,0.1065040371701579
0.008,8,768,slow,252.5,2.02,31562.5,0.10414576339732388
0.008,8,768,slow,255.0,2.04,31875.0,0.10183970790262543
0.008,8,768,slow,257.5,2.06,32187.5,0.0995847144360364
0.008,8,768,slow,260.0,2.08,32500.0,0.09737965235020904
0.008,8,768,slow,262.5,2.1,32812.5,0.09522341603352825
0.008,8,768,slow,265.0,2.12,33125.0,0.09311492435572395
0.008,8,768,slow,267.5,2.14,33437.5,0.09105312012576222
0.008,8,768,slow,270.0,2.16,33750.0,0.08903696956174352
0.008,8,768,slow,272.5,2.18,34062.5,0.08706546177254162
0.008,8,768,slow,275.0,2.2,34375.0,0.0851376082509228
0.008,8,768,slow,277.5,2.22,34687.5,0.08325244237789085
0.008,8,768,slow,280.0,2.24,35000.0,0.08140901893800938
0.008,8,768,slow,282.5,2.2600000000000002,35312.5,0.07960641364545763
0.008,8,768,slow,285.0,2.2800000000000002,35625.0,0.0778437226805825
0.008,8,768,slow,287.5,2.3000000000000003,35937.5,0.07612006223671365
0.008,8,768,slow,290.0,2.32,36250.0,0.07443456807701461
0.008,8,768,slow,292.5,2.34,36562.5,0.07278639510114758
0.008,8,768,slow,295.0,2.36,36875.0,0.07117471692153413
0.008,8,768,slow,297.5,2.38,37187.5,0.06959872544899964
0.008,8,768,slow,300.0,2.4,37500.0,0.06805763048759335
0.008,8,768,slow,302.5,2.42,37812.5,0.0665506593383808
0.008,8,768,slow,305.0,2.44,38125.0,0.06507705641200995
0.008,8,768,slow,307.5,2.46,38437.5,0.06363608284985672
0.008,8,768,slow,310.0,2.48,38750.0,0.06222701615355967
0.008,8,768,slow,312.5,2.5,39062.5,0.060849149822758214
0.008,8,768,slow,315.0,2.52,39375.0,0.05950179300085277
0.008,8,768,slow,317.5,2.54,39687.5,0.05818427012860881
0.008,8,768,slow,320.0,2.56,40000.0,0.05689592060543144
0.008,8,768,slow,322.5,2.58,40312.5,0.05563609845814049
0.008,8,768,slow,325.0,2.6,40625.0,0.05440417201708
0.008,8,768,slow,327.5,2.62,40937.5,0.053199523599399653
0.008,8,768,slow,330.0,2.64,41250.0,0.05202154919934942
0.008,8,768,slow,332.5,2.66,41562.5,0.05086965818543202
0.008,8,768,slow,335.0,2.68,41875.0,0.049743273004261346
0.008,8,768,slow,337.5,2.7,42187.5,0.048641828890978324
0.008,8,768,slow,340.0,2.72,42500.0,0.047564773586079155
0.008,8,768,slow,342.5,2.74,42812.5,0.04651156705851366
0.008,8,768,slow,345.0,2.7600000000000002,43125.0,0.04548168123491511
0.008,8,768,slow,347.5,2.7800000000000002,43437.5,0.044474599734825676
0.008,8,768,slow,350.0,2.8000000000000003,43750.0,0.043489817611784796
0.008,8,768,slow,352.5,2.82,44062.5,0.04252684110015042
0.008,8,768,slow,355.0,2.84,44375.0,0.04158518736752655
0.008,8,768,slow,357.5,2.86,44687.5,0.04066438427267255
0.008,8,768,slow,360.0,2.88,45000.0,0.03976397012877312
0.008,8,768,slow,362.5,2.9,45312.5,0.038883493471950054
0.008,8,768,slow,365.0,2.92,45625.0,0.03802251283489984
0.008,8,768,slow,367.5,2.94,45937.5,0.03718059652554348
0.008,8,768,slow,370.0,2.96,46250.0,0.03635732241057766
0.008,8,768,slow,372.5,2.98,46562.5,0.03555227770381862
0.008,8,768,slow,375.0,3.0,46875.0,0.03476505875923272
0.008,8,768,slow,377.5,3.02,47187.5,0.03399527086854976
0.008,8,768,slow,380.0,3.04,47500.0,0.03324252806335785
0.008,8,768,slow,382.5,3.06,47812.5,0.032506452921580234
0.008,8,768,slow,385.0,3.08,48125.0,0.031786676378237386
0.008,8,768,slow,387.5,3.1,48437.5,0.03108283754039922
0.008,8,768,slow,390.0,3.12,48750.0,0.030394583506234796
0.008,8,768,slow,392.5,3.14,49062.5,0.029721569188068772
0.008,8,768,slow,395.0,3.16,49375.0,0.029063457139355764
0.008,8,768,slow,397.5,3.18,49687.5,0.028419917385486042
0.008,8,768,slow,400.0,3.2,50000.0,0.02779062725833756
0.008,8,768,slow,402.5,3.22,50312.5,0.027175271234491465
0.008,8,768,slow,405.0,3.24,50625.0,0.02657354077702995
0.008,8,768,slow,407.5,3.2600000000000002,50937.5,0.025985134180837068
0.008,8,768,slow,410.0,3.2800000000000002,51250.0,0.025409756421325053
0.008,8,768,slow,412.5,3.3000000000000003,51562.5,0.024847119006510165
0.008,8,768,slow,415.0,3.3200000000000003,51875.0,0.024296939832364032
0.008,8,768,slow,417.5,3.34,52187.5,0.02375894304136781
0.008,8,768,slow,420.0,3.36,52500.0,0.023232858884198397
0.008,8,768,slow,422.5,3.38,52812.5,0.022718423584477215
0.008,8,768,slow,425.0,3.4,53125.0,0.022215379206513827
0.008,8,768,slow,427.5,3.42,53437.5,0.021723473525978063
0.008,8,768,slow,430.0,3.44,53750.0,0.021242459903435786
0.008,8,768,slow,432.5,3.46,54062.5,0.020772097160684903
0.008,8,768,slow,435.0,3.48,54375.0,0.02031214945982961
0.008,8,768,slow,437.5,3.5,54687.5,0.019862386185032273
0.008,8,768,slow,440.0,3.52,55000.0,0.019422581826883598
0.008,8,768,slow,442.5,3.54,55312.5,0.01899251586933316
0.008,8,768,slow,445.0,3.56,55625.0,0.018571972679123566
0.008,8,768,slow,447.5,3.58,55937.5,0.018160741397672868
0.008,8,768,slow,450.0,3.6,56250.0,0.017758615835350926
0.008,8,768,slow,452.5,3.62,56562.5,0.017365394368096802
0.008,8,768,slow,455.0,3.64,56875.0,0.016980879836325322
0.008,8,768,slow,457.5,3.66,57187.5,0.016604879446072036
0.008,8,768,slow,460.0,3.68,57500.0,0.01623720467232719
0.008,8,768,slow,462.5,3.7,57812.5,0.01587767116451004
0.008,8,768,slow,465.0,3.72,58125.0,0.01552609865403627
0.008,8,768,slow,467.5,3.74,58437.5,0.015182310863932067
0.008,8,768,slow,470.0,3.7600000000000002,58750.0,0.014846135420449585
0.008,8,768,slow,472.5,3.7800000000000002,59062.5,0.01451740376663948
0.008,8,768,slow,475.0,3.8000000000000003,59375.0,0.014195951077837169
0.008,8,768,slow,477.5,3.8200000000000003,59687.5,0.01388161617902043
0.008,8,768,slow,480.0,3.84,60000.0,0.013574241463996918
0.008,8,768,slow,482.5,3.86,60312.5,0.013273672816381102
0.008,8,768,slow,485.0,3.88,60625.0,0.01297975953232094
0.008,8,768,slow,487.5,3.9,60937.5,0.01269235424493561
0.008,8,768,slow,490.0,3.92,61250.0,0.01241131285042638
0.008,8,768,slow,492.5,3.94,61562.5,0.01213649443582356
0.008,8,768,slow,495.0,3.96,61875.0,0.011867761208333352
0.008,8,768,slow,497.5,3.98,62187.5,0.011604978426249099
0.008,8,768,slow,500.0,4.0,62500.0,0.011348014331392375
0.008,8,768,fast,0.0,0.0,0.0,0.9999999999999987
0.008,8,768,fast,0.00016,1.28e-06,0.02,0.9999941873219096
0.008,8,768,fast,0.00032,2.56e-06,0.04,0.99998868730013
0.008,8,768,fast,0.00048,3.8400000000000005e-06,0.06,0.9999834738783373
0.008,8,768,fast,0.00064,5.12e-06,0.08,0.9999785234695852
0.008,8,768,fast,0.0008,6.4000000000000006e-06,0.1,0.999973814694509
0.008,8,768,fast,0.00096,7.680000000000001e-06,0.12,0.9999693281501277
0.008,8,768,fast,0.0011200000000000001,8.96e-06,0.14,0.9999650462053702
0.008,8,768,fast,0.00128,1.024e-05,0.16,0.9999609528199779
0.008,8,768,fast,0.0014399999999999999,1.152e-05,0.18,0.9999570333838775
0.008,8,768,fast,0.0016,1.2800000000000001e-05,0.2,0.9999532745745054
0.008,8,768,fast,0.00176,1.408e-05,0.22,0.9999496642298952
0.008,8,768,fast,0.00192,1.5360000000000002e-05,0.24,0.9999461912356223
0.008,8,768,fast,0.0020800000000000003,1.6640000000000003e-05,0.26,0.9999428454239548
0.008,8,768,fast,0.0022400000000000002,1.792e-05,0.28,0.9999396174837603
0.008,8,768,fast,0.0024,1.92e-05,0.3,0.9999364988799149
0.008,8,768,fast,0.00256,2.048e-05,0.32,0.9999334817811116
0.008,8,768,fast,0.00272,2.1760000000000002e-05,0.34,0.9999305589951043
0.008,8,768,fast,0.0028799999999999997,2.304e-05,0.36,0.999927723910547
0.008,8,768,fast,0.00304,2.432e-05,0.38,0.9999249704446891
0.008,8,768,fast,0.0032,2.5600000000000002e-05,0.4,0.9999222929962754
0.008,8,768,fast,0.00336,2.688e-05,0.42,0.9999196864030833
0.008,8,768,fast,0.00352,2.816e-05,0.44,0.9999171459035926
0.008,8,768,fast,0.00368,2.9440000000000003e-05,0.46,0.9999146671023453
0.008,8,768,fast,0.00384,3.0720000000000004e-05,0.48,0.999912245938607
0.008,8,768,fast,0.004,3.2e-05,0.5,0.9999098786579798
0.008,8,768,fast,0.0041600000000000005,3.328000000000001e-05,0.52,0.999907561786665
0.008,8,768,fast,0.00432,3.456e-05,0.54,0.9999052921081016
0.008,8,768,fast,0.0044800000000000005,3.584e-05,0.56,0.99990306664174
0.008,8,768,fast,0.00464,3.7120000000000004e-05,0.58,0.9999008826237398
0.008,8,768,fast,0.0048,3.84e-05,0.6,0.999898737489396
0.008,8,768,fast,0.00496,3.968e-05,0.62,0.9998966288571289
0.008,8,768,fast,0.00512,4.096e-05,0.64,0.9998945545138826
0.008,8,768,fast,0.00528,4.224e-05,0.66,0.9998925124017984
0.008,8,768,fast,0.00544,4.3520000000000003e-05,0.68,0.9998905006060408
0.008,8,768,fast,0.005600000000000001,4.4800000000000005e-05,0.7000000000000001,0.9998885173436686
0.008,8,768,fast,0.0057599999999999995,4.608e-05,0.72,0.9998865609534527
0.008,8,768,fast,0.00592,4.736e-05,0.74,0.9998846298865535
0.008,8,768,fast,0.00608,4.864e-05,0.76,0.9998827226979791
0.008,8,768,fast,0.006240000000000001,4.992000000000001e-05,0.78,0.9998808380387523
0.008,8,768,fast,0.0064,5.1200000000000004e-05,0.8,0.999878974648727
0.008,8,768,fast,0.006560000000000001,5.2480000000000006e-05,0.8200000000000001,0.9998771313499878
0.008,8,768,fast,0.00672,5.376e-05,0.84,0.9998753070407905
0.008,8,768,fast,0.00688,5.504e-05,0.86,0.9998735006899901
0.008,8,768,fast,0.00704,5.632e-05,0.88,0.9998717113319139
0.008,8,768,fast,0.007200000000000001,5.7600000000000004e-05,0.9,0.9998699380616458
0.008,8,768,fast,0.00736,5.8880000000000005e-05,0.92,0.999868180030681
0.008,8,768,fast,0.007520000000000001,6.016000000000001e-05,0.9400000000000001,0.9998664364429228
0.008,8,768,fast,0.00768,6.144000000000001e-05,0.96,0.9998647065509921
0.008,8,768,fast,0.00784,6.272e-05,0.98,0.9998629896528229
0.008,8,768,fast,0.008,6.4e-05,1.0,0.9998612850885181
0.008,8,768,fast,0.00816,6.528000000000001e-05,1.02,0.9998595922374504
0.008,8,768,fast,0.008320000000000001,6.656000000000001e-05,1.04,0.9998579105155783
0.008,8,768,fast,0.008480000000000001,6.784000000000001e-05,1.06,0.9998562393729686
0.008,8,768,fast,0.00864,6.912e-05,1.08,0.9998545782915045
0.008,8,768,fast,0.0088,7.04e-05,1.1,0.9998529267827615
0.008,8,768,fast,0.008960000000000001,7.168e-05,1.12,0.9998512843860462
0.008,8,768,fast,0.009120000000000001,7.296e-05,1.1400000000000001,0.9998496506665746
0.008,8,768,fast,0.00928,7.424000000000001e-05,1.16,0.9998480252137865
0.008,8,768,fast,0.00944,7.552000000000001e-05,1.18,0.9998464076397813
0.008,8,768,fast,0.0096,7.68e-05,1.2,0.9998447975778675
0.008,8,768,fast,0.00976,7.808e-05,1.22,0.9998431946812174
0.008,8,768,fast,0.00992,7.936e-05,1.24,0.999841598621614
0.008,8,768,fast,0.01008,8.064e-05,1.26,0.9998400090882914
0.008,8,768,fast,0.01024,8.192e-05,1.28,0.9998384257868541
0.008,8,768,fast,0.010400000000000001,8.320000000000002e-05,1.3,0.9998368484382718
0.008,8,768,fast,0.01056,8.448e-05,1.32,0.9998352767779455
0.008,8,768,fast,0.01072,8.576e-05,1.34,0.9998337105548367
0.008,8,768,fast,0.01088,8.704000000000001e-05,1.36,0.9998321495306581
0.008,8,768,fast,0.011040000000000001,8.832000000000001e-05,1.3800000000000001,0.9998305934791157
0.008,8,768,fast,0.011200000000000002,8.960000000000001e-05,1.4000000000000001,0.9998290421852072
0.008,8,768,fast,0.01136,9.088000000000001e-05,1.42,0.9998274954445622
0.008,8,768,fast,0.011519999999999999,9.216e-05,1.44,0.9998259530628313
0.008,8,768,fast,0.01168,9.344e-05,1.46,0.9998244148551118
0.008,8,768,fast,0.01184,9.472e-05,1.48,0.9998228806454125
0.008,8,768,fast,0.012,9.6e-05,1.5,0.9998213502661539
0.008,8,768,fast,0.01216,9.728e-05,1.52,0.9998198235577002
0.008,8,768,fast,0.012320000000000001,9.856e-05,1.54,0.9998183003679211
0.008,8,768,fast,0.012480000000000002,9.984000000000002e-05,1.56,0.9998167805517811
0.008,8,768,fast,0.01264,0.00010112000000000001,1.58,0.9998152639709572
0.008,8,768,fast,0.0128,0.00010240000000000001,1.6,0.9998137504934762
0.008,8,768,fast,0.012960000000000001,0.00010368000000000001,1.62,0.9998122399933791
0.008,8,768,fast,0.013120000000000001,0.00010496000000000001,1.6400000000000001,0.9998107323504031
0.008,8,768,fast,0.013280000000000002,0.00010624000000000001,1.6600000000000001,0.9998092274496851
0.008,8,768,fast,0.01344,0.00010752,1.68,0.9998077251814801
0.008,8,768,fast,0.0136,0.0001088,1.7,0.9998062254409013
0.008,8,768,fast,0.01376,0.00011008,1.72,0.9998047281276711
0.008,8,768,fast,0.01392,0.00011136,1.74,0.9998032331458895
0.008,8,768,fast,0.01408,0.00011264,1.76,0.9998017404038149
0.008,8,768,fast,0.014240000000000001,0.00011392000000000001,1.78,0.9998002498136591
0.008,8,768,fast,0.014400000000000001,0.00011520000000000001,1.8,0.9997987612913914
0.008,8,768,fast,0.01456,0.00011648,1.82,0.9997972747565573
0.008,8,768,fast,0.01472,0.00011776000000000001,1.84,0.9997957901321046
0.008,8,768,fast,0.01488,0.00011904000000000001,1.86,0.9997943073442209
0.008,8,768,fast,0.015040000000000001,0.00012032000000000001,1.8800000000000001,0.9997928263221795
0.008,8,768,fast,0.015200000000000002,0.00012160000000000001,1.9000000000000001,0.9997913469981936
0.008,8,768,fast,0.01536,0.00012288000000000002,1.92,0.9997898693072799
0.008,8,768,fast,0.015519999999999999,0.00012416,1.94,0.9997883931871272
0.008,8,768,fast,0.01568,0.00012544,1.96,0.9997869185779746
0.008,8,768,fast,0.01584,0.00012672,1.98,0.9997854454224941
0.008,8,768,fast,0.016,0.000128,2.0,0.9997839736656805
0.008,8,768,fast,0.01616,0.00012928,2.02,0.9997825032547464
0.008,8,768,fast,0.01632,0.00013056000000000002,2.04,0.9997810341390245
0.008,8,768,fast,0.01648,0.00013184,2.06,0.9997795662698716
0.008,8,768,fast,0.016640000000000002,0.00013312000000000003,2.08,0.9997780996005813
0.008,8,768,fast,0.016800000000000002,0.00013440000000000001,2.1,0.9997766340862967
0.008,8,768,fast,0.016960000000000003,0.00013568000000000003,2.12,0.999775169683933
0.008,8,768,fast,0.01712,0.00013696,2.14,0.9997737063520984
0.008,8,768,fast,0.01728,0.00013824,2.16,0.9997722440510226
0.008,8,768,fast,0.01744,0.00013952000000000002,2.18,0.9997707827424877
0.008,8,768,fast,0.0176,0.0001408,2.2,0.9997693223897614
0.008,8,768,fast,0.01776,0.00014208000000000002,2.22,0.9997678629575355
0.008,8,768,fast,0.017920000000000002,0.00014336,2.24,0.9997664044118659
0.008,8,768,fast,0.018080000000000002,0.00014464000000000002,2.2600000000000002,0.9997649467201148
0.008,8,768,fast,0.018240000000000003,0.00014592,2.2800000000000002,0.9997634898508976
0.008,8,768,fast,0.018400000000000003,0.00014720000000000003,2.3000000000000003,0.9997620337740308
0.008,8,768,fast,0.01856,0.00014848000000000001,2.32,0.9997605784604829
0.008,8,768,fast,0.01872,0.00014976,2.34,0.9997591238823272
0.008,8,768,fast,0.01888,0.00015104000000000002,2.36,0.9997576700126968
0.008,8,768,fast,0.019039999999999998,0.00015231999999999998,2.38,0.9997562168257422
0.008,8,768,fast,0.0192,0.0001536,2.4,0.9997547642965896
0.008,8,768,fast,0.01936,0.00015487999999999998,2.42,0.9997533124013029
0.008,8,768,fast,0.01952,0.00015616,2.44,0.9997518611168449
0.008,8,768,fast,0.01968,0.00015744,2.46,0.9997504104210433
0.008,8,768,fast,0.01984,0.00015872,2.48,0.9997489602925542
0.008,8,768,fast,0.02,0.00016,2.5,0.999747510710832
0.008,8,768,fast,0.02016,0.00016128,2.52,0.9997460616560965
0.008,8,768,fast,0.02032,0.00016256000000000002,2.54,0.9997446131093032
0.008,8,768,fast,0.02048,0.00016384,2.56,0.9997431650521141
0.008,8,768,fast,0.020640000000000002,0.00016512000000000002,2.58,0.9997417174668721
0.008,8,768,fast,0.020800000000000003,0.00016640000000000003,2.6,0.9997402703365728
0.008,8,768,fast,0.020960000000000003,0.00016768000000000002,2.62,0.9997388236448396
0.008,8,768,fast,0.02112,0.00016896,2.64,0.9997373773759008
0.008,8,768,fast,0.02128,0.00017024,2.66,0.9997359315145646
0.008,8,768,fast,0.02144,0.00017152,2.68,0.9997344860461984
0.008,8,768,fast,0.0216,0.00017280000000000003,2.7,0.9997330409567069
0.008,8,768,fast,0.02176,0.00017408000000000001,2.72,0.9997315962325113
0.008,8,768,fast,0.021920000000000002,0.00017536000000000003,2.74,0.9997301518605304
0.008,8,768,fast,0.022080000000000002,0.00017664000000000002,2.7600000000000002,0.9997287078281617
0.008,8,768,fast,0.022240000000000003,0.00017792000000000003,2.7800000000000002,0.9997272641232627
0.008,8,768,fast,0.022400000000000003,0.00017920000000000002,2.8000000000000003,0.9997258207341341
0.008,8,768,fast,0.02256,0.00018048,2.82,0.9997243776495031
0.008,8,768,fast,0.02272,0.00018176000000000002,2.84,0.9997229348585077
0.008,8,768,fast,0.02288,0.00018304,2.86,0.9997214923506802
0.008,8,768,fast,0.023039999999999998,0.00018432,2.88,0.9997200501159345
0.008,8,768,fast,0.0232,0.00018559999999999998,2.9,0.9997186081445493
0.008,8,768,fast,0.02336,0.00018688,2.92,0.9997171664271569
0.008,8,768,fast,0.02352,0.00018816,2.94,0.9997157249547289
0.008,8,768,fast,0.02368,0.00018944,2.96,0.9997142837185637
0.008,8,768,fast,0.02384,0.00019072000000000002,2.98,0.9997128427102746
0.008,8,768,fast,0.024,0.000192,3.0,0.9997114019217779
0.008,8,768,fast,0.02416,0.00019328000000000002,3.02,0.9997099613452822
0.008,8,768,fast,0.02432,0.00019456,3.04,0.9997085209732776
0.008,8,768,fast,0.024480000000000002,0.00019584000000000002,3.06,0.9997070807985244
0.008,8,768,fast,0.024640000000000002,0.00019712,3.08,0.9997056408140449
0.008,8,768,fast,0.024800000000000003,0.00019840000000000002,3.1,0.9997042010131117
0.008,8,768,fast,0.024960000000000003,0.00019968000000000004,3.12,0.9997027613892407
0.008,8,768,fast,0.02512,0.00020096,3.14,0.9997013219361807
0.008,8,768,fast,0.02528,0.00020224000000000002,3.16,0.999699882647905
0.008,8,768,fast,0.02544,0.00020352,3.18,0.9996984435186043
0.008,8,768,fast,0.0256,0.00020480000000000002,3.2,0.9996970045426773
0.008,8,768,fast,0.02576,0.00020608,3.22,0.9996955657147242
0.008,8,768,fast,0.025920000000000002,0.00020736000000000002,3.24,0.9996941270295395
0.008,8,768,fast,0.026080000000000002,0.00020864000000000004,3.2600000000000002,0.9996926884821034
0.008,8,768,fast,0.026240000000000003,0.00020992000000000002,3.2800000000000002,0.9996912500675771
0.008,8,768,fast,0.026400000000000003,0.00021120000000000004,3.3000000000000003,0.999689811781295
0.008,8,768,fast,0.026560000000000004,0.00021248000000000003,3.3200000000000003,0.9996883736187584
0.008,8,768,fast,0.02672,0.00021376,3.34,0.99968693557563
0.008,8,768,fast,0.02688,0.00021504,3.36,0.9996854976477281
0.008,8,768,fast,0.027039999999999998,0.00021632,3.38,0.9996840598310199
0.008,8,768,fast,0.0272,0.0002176,3.4,0.9996826221216176
0.008,8,768,fast,0.02736,0.00021888,3.42,0.9996811845157726
0.008,8,768,fast,0.02752,0.00022016,3.44,0.9996797470098695
0.008,8,768,fast,0.02768,0.00022144,3.46,0.9996783096004231
0.008,8,768,fast,0.02784,0.00022272,3.48,0.9996768722840722
0.008,8,768,fast,0.028,0.000224,3.5,0.9996754350575757
0.008,8,768,fast,0.02816,0.00022528,3.52,0.9996739979178086
0.008,8,768,fast,0.02832,0.00022656000000000003,3.54,0.9996725608617573
0.008,8,768,fast,0.028480000000000002,0.00022784000000000001,3.56,0.9996711238865159
0.008,8,768,fast,0.028640000000000002,0.00022912000000000003,3.58,0.9996696869892822
0.008,8,768,fast,0.028800000000000003,0.00023040000000000002,3.6,0.9996682501673536
0.008,8,768,fast,0.028960000000000003,0.00023168000000000003,3.62,0.9996668134181248
0.008,8,768,fast,0.02912,0.00023296,3.64,0.9996653767390827
0.008,8,768,fast,0.02928,0.00023424,3.66,0.9996639401278041
0.008,8,768,fast,0.02944,0.00023552000000000002,3.68,0.9996625035819523
0.008,8,768,fast,0.0296,0.0002368,3.7,0.9996610670992735
0.008,8,768,fast,0.02976,0.00023808000000000002,3.72,0.9996596306775949
0.008,8,768,fast,0.029920000000000002,0.00023936,3.74,0.9996581943148205
0.008,8,768,fast,0.030080000000000003,0.00024064000000000003,3.7600000000000002,0.9996567580089294
0.008,8,768,fast,0.030240000000000003,0.00024192000000000004,3.7800000000000002,0.9996553217579726
0.008,8,768,fast,0.030400000000000003,0.00024320000000000003,3.8000000000000003,0.9996538855600704
0.008,8,768,fast,0.030560000000000004,0.00024448000000000004,3.8200000000000003,0.9996524494134104
0.008,8,768,fast,0.03072,0.00024576000000000003,3.84,0.9996510133162444
0.008,8,768,fast,0.03088,0.00024704,3.86,0.9996495772668864
0.008,8,768,fast,0.031039999999999998,0.00024832,3.88,0.9996481412637109
0.008,8,768,fast,0.0312,0.0002496,3.9,0.9996467053051495
0.008,8,768,fast,0.03136,0.00025088,3.92,0.9996452693896908
0.008,8,768,fast,0.03152,0.00025216,3.94,0.999643833515876
0.008,8,768,fast,0.03168,0.00025344,3.96,0.9996423976822989
0.008,8,768,fast,0.03184,0.00025472,3.98,0.9996409618876031
0.008,8,768,fast,0.032,0.000256,4.0,0.9996395261304805
0.008,8,768,long_tail,502.49999999999994,4.02,62812.49999999999,0.011096740083050003
0.008,8,768,long_tail,512.2138871749867,4.097711097399894,64026.73589687333,0.010172096784004894
0.008,8,768,long_tail,522.1155546565375,4.1769244372523,65264.444332067185,0.009308830631436822
0.008,8,768,long_tail,532.2086324480584,4.257669059584468,66526.07905600731,0.00850423453089438
0.008,8,768,long_tail,542.4968207249827,4.339974565799862,67812.10259062285,0.007755617661750744
0.008,8,768,long_tail,552.9838911912746,4.4238711295301965,69122.98639890931,0.007060312830848211
0.008,8,768,long_tail,563.6736884621546,4.509389507697237,70459.21105776932,0.006415683544364465
0.008,8,768,long_tail,574.5701314735577,4.596561051788462,71821.26643419471,0.005819130762322036
0.008,8,768,long_tail,585.6772149188342,4.685417719350674,73209.65186485428,0.005268099302583996
0.008,8,768,long_tail,596.9990107132264,4.775992085705812,74624.8763391533,0.004760083863905651
0.008,8,768,long_tail,608.5396694866535,4.868317355893228,76067.45868583168,0.004292634640622487
0.008,8,768,long_tail,620.3034221053542,4.962427376842834,77537.92776316928,0.0038633625048183563
0.008,8,768,long_tail,632.2945812229456,5.058356649783565,79036.8226528682,0.003469943735304192
0.008,8,768,long_tail,644.5175428614634,5.156140342891708,80564.69285768292,0.0031101242764103843
0.008,8,768,long_tail,656.976788022968,5.255814304183744,82122.098502871,0.0027817235134158765
0.008,8,768,long_tail,669.6768843323022,5.357415074658418,83709.61054153777,0.0024826375553636164
0.008,8,768,long_tail,682.622487711607,5.460979901692856,85327.81096395088,0.002210842020000652
0.008,8,768,long_tail,695.8183440872077,5.566546752697662,86977.29301090096,0.001964394319587169
0.008,8,768,long_tail,709.269291129495,5.67415432903596,88658.66139118686,0.0017414354502962362
0.008,8,768,long_tail,722.9802600264399,5.783842080211519,90372.53250330497,0.0015401912918283983
0.008,8,768,long_tail,736.9562772913941,5.895650218331153,92119.53466142426,0.0013589734276472783
0.008,8,768,long_tail,751.2024666058356,6.009619732846685,93900.30832572945,0.001196179499859723
0.008,8,768,long_tail,765.7240506977382,6.1257924055819055,95715.50633721727,0.001050293116174291
0.008,8,768,long_tail,780.5263532562489,6.244210826049991,97565.79415703111,0.000919883329535913
0.008,8,768,long_tail,795.6148008833836,6.364918407067069,99451.85011042295,0.0008036037139158396
0.008,8,768,long_tail,810.994925083445,6.48795940066756,101374.36563543061,0.0007001910623033524
0.008,8,768,long_tail,826.6723642909026,6.613378914327221,103334.04553636281,0.0006084637351708584
0.008,8,768,long_tail,842.6528659374727,6.7412229274997815,105331.60824218408,0.0005273196895458516
0.008,8,768,long_tail,858.942288559156,6.871538308473249,107367.7860698945,0.0004557342203043623
0.008,8,768,long_tail,875.5466039440091,7.0043728315520735,109443.32549300113,0.0003927574463907253
0.008,8,768,long_tail,892.471899321432,7.139775194571456,111558.987415179,0.00033751157536289776
0.008,8,768,long_tail,909.7243795937796,7.277795036750237,113715.54744922246,0.0002891879799625856
0.008,8,768,long_tail,927.3103696111106,7.418482956888885,115913.79620138882,0.0002470441203226252
0.008,8,768,long_tail,945.2363164899122,7.561890531919297,118154.53956123901,0.00021040034496372517
0.008,8,768,long_tail,963.5087919766445,7.708070335813156,120438.59899708055,0.00017863660291781233
0.008,8,768,long_tail,982.1344948569811,7.857075958855849,122766.81185712264,0.00015118909816985127
0.008,8,768,long_tail,1001.1202534116148,8.008962027292919,125140.03167645185,0.00012754691616303232
0.008,8,768,long_tail,1020.4730279195444,8.163784223356355,127559.12848994305,0.00010724865039624793
0.008,8,768,long_tail,1040.1999132097487,8.32159930567799,130024.98915121859,8.987905519411051e-05
0.008,8,768,long_tail,1060.3081412621877,8.482465130097502,132538.51765777345,7.50657485869436e-05
0.008,8,768,long_tail,1080.8050838590852,8.646440670872682,135100.63548238564,6.247598694173107e-05
0.008,8,768,long_tail,1101.698255287462,8.813586042299695,137712.28191093274,5.18135305763139e-05
0.008,8,768,long_tail,1122.9953150939143,8.983962520751314,140374.41438673928,4.281561710959976e-05
0.008,8,768,long_tail,1144.7040708926427,9.15763256714114,143088.00886158034,3.525005679099211e-05
0.008,8,768,long_tail,1166.8324812277658,9.334659849822126,145854.06015347072,2.8912461551829353e-05
0.008,8,768,long_tail,1189.3886584909628,9.515109267927702,148673.58231137035,2.3623617067354585e-05
0.008,8,768,long_tail,1212.3808718955202,9.699046975164162,151547.60898694003,1.922700474367949e-05
0.008,8,768,long_tail,1235.8175505078689,9.88654040406295,154477.1938134836,1.5586478280996282e-05
0.008,8,768,long_tail,1259.7072863377239,10.077658290701791,157463.4107922155,1.2584097338621038e-05
0.008,8,768,long_tail,1284.05883748796,10.27247069990368,160507.354685995,1.0118118861767338e-05
0.008,8,768,long_tail,1308.881131365378,10.471049050923025,163610.14142067224,8.101144842179907e-06
0.008,8,768,long_tail,1334.1832679535426,10.67346614362834,166772.90849419282,6.458423688237325e-06
0.008,8,768,long_tail,1359.9745231488773,10.879796185191019,169996.81539360966,5.126300983584675e-06
0.008,8,768,long_tail,1386.2643521612652,11.090114817290122,173283.04402015815,4.050814221021178e-06
0.008,8,768,long_tail,1413.062392980371,11.304499143842968,176632.79912254636,3.1864251102415996e-06
0.008,8,768,long_tail,1440.3784699089845,11.523027759271876,180047.30873862305,2.494882270145248e-06
0.008,8,768,long_tail,1468.2225971646587,11.74578077731727,183527.82464558232,1.944206521300953e-06
0.008,8,768,long_tail,1496.6049825509742,11.972839860407793,187075.62281887178,1.5077905812006194e-06
0.008,8,768,long_tail,1525.536031199777,12.204288249598216,190692.00389997213,1.163604720996458e-06
0.008,8,768,long_tail,1555.0263493857506,12.440210795086005,194378.2936732188,8.934998522952492e-07
0.008,8,768,long_tail,1585.0867484147357,12.680693987317886,198135.84355184194,6.825995595765941e-07
0.008,8,768,long_tail,1615.7282485872076,12.925825988697662,201966.03107340095,5.187727602514267e-07
0.008,8,768,long_tail,1646.9620832383828,13.175696665907063,205870.26040479785,3.9217894217311403e-07
0.008,8,768,long_tail,1678.799702856411,13.430397622851288,209849.96285705137,2.9487827948505496e-07
0.008,8,768,long_tail,1711.2527792801889,13.69002223424151,213906.5974100236,2.2049934442706228e-07
0.008,8,768,long_tail,1744.3332099783186,13.95466567982655,218041.65124728982,1.639575983632006e-07
0.008,8,768,long_tail,1778.0531224107806,14.224424979286246,222256.64030134756,1.2121834422213947e-07
0.008,8,768,long_tail,1812.4248784749232,14.499399027799386,226553.10980936539,8.909834054300942e-08
0.008,8,768,long_tail,1847.4610790373997,14.779688632299198,230932.63487967497,6.510080175560262e-08
0.008,8,768,long_tail,1883.1745685537162,15.06539654842973,235396.82106921452,4.727902924061121e-08
0.008,8,768,long_tail,1919.5784397770706,15.356627518216564,239947.3049721338,3.412442389572245e-08
0.008,8,768,long_tail,1956.6860385582277,15.653488308465821,244585.75481977846,2.447511588605348e-08
0.008,8,768,long_tail,1994.5109687381805,15.956087749905445,249313.87109227254,1.7441905161215904e-08
0.008,8,768,long_tail,2033.0670971353877,16.2645367770831,254133.38714192345,1.2348632924564548e-08
0.008,8,768,long_tail,2072.3685586294205,16.578948469035364,259046.06982867754,8.684496729204013e-09
0.008,8,768,long_tail,2112.4297613428853,16.899438090743082,264053.7201678607,6.06617871819501e-09
0.008,8,768,long_tail,2153.2653919235195,17.226123135388157,269158.1739904399,4.207977302003869e-09
0.008,8,768,long_tail,2194.8904209283937,17.55912336742715,274361.3026160492,2.898417786035257e-09
0.008,8,768,long_tail,2237.3201083121908,17.898560866497526,279665.0135390238,1.982068391106004e-09
0.008,8,768,long_tail,2280.5700090215914,18.24456007217273,285071.2511276989,1.3455065989196576e-09
0.008,8,768,long_tail,2324.6559786977996,18.597247829582397,290581.99733722495,9.065690746939225e-10
0.008,8,768,long_tail,2369.594179489301,18.956753435914408,296199.27243616263,6.061791195674754e-10
0.008,8,768,long_tail,2415.401085976991,19.323208687815928,301925.13574712386,4.0218138642269535e-10
0.008,8,768,long_tail,2462.0934912138487,19.69674792971079,307761.6864017311,2.647271972743516e-10
0.008,8,768,long_tail,2509.688512881353,20.077508103050825,313711.06411016907,1.728479260252977e-10
0.008,8,768,long_tail,2558.2035995649157,20.465628796519326,319775.44994561444,1.1193114056785649e-10
0.008,8,768,long_tail,2607.6565371506244,20.861252297204995,325957.067143828,7.187695120264425e-11
0.008,8,768,long_tail,2658.0654553456457,21.264523642765166,332258.1819182057,4.576250684178617e-11
0.008,8,768,long_tail,2709.4488343246667,21.675590674597334,338681.10429058335,2.8882815334909857e-11
0.008,8,768,long_tail,2761.825511504824,22.094604092038594,345228.18893810303,1.8067810382931433e-11
0.008,8,768,long_tail,2815.214688451606,22.52171750761285,351901.83605645073,1.120038931283507e-11
0.008,8,768,long_tail,2869.6359379182427,22.957087503345942,358704.4922397803,6.879330475702843e-12
0.008,8,768,long_tail,2925.1092110211794,23.400873688169437,365638.6513776474,4.185690206779249e-12
0.008,8,768,long_tail,2981.654844554262,23.8532387564341,372706.8555692828,2.5224161580912706e-12
0.008,8,768,long_tail,3039.2935684443173,24.314348547554538,379911.69605553965,1.5052703642437639e-12
0.008,8,768,long_tail,3098.046513350848,24.78437210680678,387255.81416885596,8.893612498868581e-13
0.008,8,768,long_tail,3157.935218412643,25.263481747301142,394741.90230158035,5.20144525788023e-13
0.008,8,768,long_tail,3218.98163914414,25.75185311315312,402372.7048930175,3.010693857928165e-13
0.008,8,768,long_tail,3281.2081554844403,26.249665243875523,410151.01943555503,1.7243238814078237e-13
0.008,8,768,long_tail,3344.6375800018986,26.75710064001519,418079.6975002373,9.76994313057221e-14
0.008,8,768,long_tail,3409.2931662573396,27.27434533005872,426161.64578216744,5.475146235307085e-14
0.008,8,768,long_tail,3475.1986173289356,27.801588938631486,434399.8271661169,3.034154598936164e-14
0.008,8,768,long_tail,3542.378094501879,28.339024756015032,442797.2618127348,1.66235586753223e-14
0.008,8,768,long_tail,3610.8562261260313,28.88684980900825,451357.0282657539,9.002410439191988e-15
0.008,8,768,long_tail,3680.6581166448104,29.445264933158484,460082.2645806013,4.817752452340678e-15
0.008,8,768,long_tail,3751.809355798615,30.01447484638892,468976.16947482683,2.5473081029950752e-15
0.008,8,768,long_tail,3824.3360280061556,30.594688224049246,478042.00350076944,1.3303574148865619e-15
0.008,8,768,long_tail,3898.264721927128,31.186117775417024,487283.090240891,6.86122449391788e-16
0.008,8,768,long_tail,3973.622540209777,31.788980321678217,496702.81752622215,3.493622194998658e-16
0.008,8,768,long_tail,4050.437109426857,32.40349687541486,506304.6386783571,1.7558353934140216e-16
0.008,8,768,long_tail,4128.736590203679,33.02989272162943,516092.0737754599,8.707944930956535e-17
0.008,8,768,long_tail,4208.549687541944,33.66839750033555,526068.710942743,4.2604934904756827e-17
0.008,8,768,long_tail,4289.905661343154,34.31924529074523,536238.2076678942,2.055903287368638e-17
0.008,8,768,long_tail,4372.834337135442,34.98267469708354,546604.2921419303,9.78200732391649e-18
0.008,8,768,long_tail,4457.366117007767,35.65892893606213,557170.7646259709,4.587938171113632e-18
0.008,8,768,long_tail,4543.531990755472,36.34825592604378,567941.498844434,2.120561420626907e-18
0.008,8,768,long_tail,4631.363547241327,37.05090837793062,578920.4434051659,9.656172338192687e-19
0.008,8,768,long_tail,4720.892985976153,37.767143887809226,590111.6232470191,4.3306667341734595e-19
0.008,8,768,long_tail,4812.1531289233335,38.49722503138667,601519.1411154167,1.912372336884348e-19
0.008,8,768,long_tail,4905.177432531535,39.241419460252274,613147.1790664418,8.312428764803104e-20
0.008,8,768,long_tail,5000.0,40.0,625000.0,3.5554007600422457e-20
0.008,20,768,slow,0.0,0.0,0.0,0.9999999999999982
0.008,20,768,slow,2.5,0.02,312.5,0.977752915544009
0.008,20,768,slow,5.0,0.04,625.0,0.9560741273634499
0.008,20,768,slow,7.5,0.06,937.5,0.9348787030384222
0.008,20,768,slow,10.0,0.08,1250.0,0.9141555319865134
0.008,20,768,slow,12.5,0.1,1562.5,0.8938938059572281
0.008,20,768,slow,15.0,0.12,1875.0,0.8740830023157546
0.008,20,768,slow,17.5,0.14,2187.5,0.8547128703015106
0.008,20,768,slow,20.0,0.16,2500.0,0.8357734192184211
0.008,20,768,slow,22.5,0.18,2812.5,0.8172549080087621
0.008,20,768,slow,25.0,0.2,3125.0,0.7991478358801716
0.008,20,768,slow,27.5,0.22,3437.5,0.7814429337683984
0.008,20,768,slow,30.0,0.24,3750.0,0.7641311564835843
0.008,20,768,slow,32.5,0.26,4062.5,0.7472036754285374
0.008,20,768,slow,35.0,0.28,4375.0,0.7306518718043407
0.008,20,768,slow,37.5,0.3,4687.5,0.7144673302372093
0.008,20,768,slow,40.0,0.32,5000.0,0.6986418327738513
0.008,20,768,slow,42.5,0.34,5312.5,0.6831673532024274
0.008,20,768,slow,45.0,0.36,5625.0,0.668036051663691
0.008,20,768,slow,47.5,0.38,5937.5,0.6532402695226579
0.008,20,768,slow,50.0,0.4,6250.0,0.6387725244757341
0.008,20,768,slow,52.5,0.42,6562.5,0.624625505871866
0.008,20,768,slow,55.0,0.44,6875.0,0.6107920702292632
0.008,20,768,slow,57.5,0.46,7187.5,0.5972652369316702
0.008,20,768,slow,60.0,0.48,7500.0,0.5840381840901971
0.008,20,768,slow,62.5,0.5,7812.5,0.5711042445584144
0.008,20,768,slow,65.0,0.52,8125.0,0.5584569020898518
0.008,20,768,slow,67.5,0.54,8437.5,0.5460897876282705
0.008,20,768,slow,70.0,0.56,8750.0,0.533996675722116
0.008,20,768,slow,72.5,0.58,9062.5,0.5221714810554686
0.008,20,768,slow,75.0,0.6,9375.0,0.5106082550885936
0.008,20,768,slow,77.5,0.62,9687.5,0.49930118280186475
0.008,20,768,slow,80.0,0.64,10000.0,0.4882445795374423
0.008,20,768,slow,82.5,0.66,10312.5,0.4774328879335998
0.008,20,768,slow,85.0,0.68,10625.0,0.4668606749470599
0.008,20,768,slow,87.5,0.7000000000000001,10937.5,0.45652262895910384
0.008,20,768,slow,90.0,0.72,11250.0,0.44641355696157736
0.008,20,768,slow,92.5,0.74,11562.5,0.436528381819239
0.008,20,768,slow,95.0,0.76,11875.0,0.42686213960517577
0.008,20,768,slow,97.5,0.78,12187.5,0.4174099770062714
0.008,20,768,slow,100.0,0.8,12500.0,0.4081671487959303
0.008,20,768,slow,102.5,0.8200000000000001,12812.5,0.3991290153714717
0.008,20,768,slow,105.0,0.84,13125.0,0.39029104035378404
0.008,20,768,slow,107.5,0.86,13437.5,0.38164878824699605
0.008,20,768,slow,110.0,0.88,13750.0,0.3731979221560682
0.008,20,768,slow,112.5,0.9,14062.5,0.36493420156033957
0.008,20,768,slow,115.0,0.92,14375.0,0.35685348014118684
0.008,20,768,slow,117.5,0.9400000000000001,14687.5,0.348951703662059
0.008,20,768,slow,120.0,0.96,15000.0,0.3412249078992525
0.008,20,768,slow,122.5,0.98,15312.5,0.3336692166218785
0.008,20,768,slow,125.0,1.0,15625.0,0.32628083961955656
0.008,20,768,slow,127.5,1.02,15937.5,0.3190560707764455
0.008,20,768,slow,130.0,1.04,16250.0,0.3119912861902864
0.008,20,768,slow,132.5,1.06,16562.5,0.30508294233519767
0.008,20,768,slow,135.0,1.08,16875.0,0.2983275742670215
0.008,20,768,slow,137.5,1.1,17187.5,0.2917217938700673
0.008,20,768,slow,140.0,1.12,17500.0,0.285262288144154
0.008,20,768,slow,142.5,1.1400000000000001,17812.5,0.27894581753089254
0.008,20,768,slow,145.0,1.16,18125.0,0.2727692142781943
0.008,20,768,slow,147.5,1.18,18437.5,0.26672938084202935
0.008,20,768,slow,150.0,1.2,18750.0,0.2608232883244942
0.008,20,768,slow,152.5,1.22,19062.5,0.25504797494728254
0.008,20,768,slow,155.0,1.24,19375.0,0.2494005445596841
0.008,20,768,slow,157.5,1.26,19687.5,0.24387816518026642
0.008,20,768,slow,160.0,1.28,20000.0,0.23847806757142104
0.008,20,768,slow,162.5,1.3,20312.5,0.2331975438459838
0.008,20,768,slow,165.0,1.32,20625.0,0.22803394610516026
0.008,20,768,slow,167.5,1.34,20937.5,0.22298468510701527
0.008,20,768,slow,170.0,1.36,21250.0,0.21804722896480258
0.008,20,768,slow,172.5,1.3800000000000001,21562.5,0.21321910187443496
0.008,20,768,slow,175.0,1.4000000000000001,21875.0,0.20849788287041487
0.008,20,768,slow,177.5,1.42,22187.5,0.20388120460956244
0.008,20,768,slow,180.0,1.44,22500.0,0.19936675218189875
0.008,20,768,slow,182.5,1.46,22812.5,0.19495226194805731
0.008,20,768,slow,185.0,1.48,23125.0,0.1906355204026146
0.008,20,768,slow,187.5,1.5,23437.5,0.1864143630627463
0.008,20,768,slow,190.0,1.52,23750.0,0.1822866733816307
0.008,20,768,slow,192.5,1.54,24062.5,0.17825038168603557
0.008,20,768,slow,195.0,1.56,24375.0,0.1743034641375404
0.008,20,768,slow,197.5,1.58,24687.5,0.17044394171685642
0.008,20,768,slow,200.0,1.6,25000.0,0.16666987923072452
0.008,20,768,slow,202.5,1.62,25312.5,0.1629793843408792
0.008,20,768,slow,205.0,1.6400000000000001,25625.0,0.15937060661458258
0.008,20,768,slow,207.5,1.6600000000000001,25937.5,0.15584173659624348
0.008,20,768,slow,210.0,1.68,26250.0,0.15239100489964666
0.008,20,768,slow,212.5,1.7,26562.5,0.14901668132033108
0.008,20,768,slow,215.0,1.72,26875.0,0.14571707396766506
0.008,20,768,slow,217.5,1.74,27187.5,0.14249052841617726
0.008,20,768,slow,220.0,1.76,27500.0,0.1393354268757136
0.008,20,768,slow,222.5,1.78,27812.5,0.13625018737999883
0.008,20,768,slow,225.0,1.8,28125.0,0.1332332629931917
0.008,20,768,slow,227.5,1.82,28437.5,0.13028314103403363
0.008,20,768,slow,230.0,1.84,28750.0,0.12739834231719696
0.008,20,768,slow,232.5,1.86,29062.5,0.12457742041145091
0.008,20,768,slow,235.0,1.8800000000000001,29375.0,0.12181896091426979
0.008,20,768,slow,237.5,1.9000000000000001,29687.5,0.11912158074251859
0.008,20,768,slow,240.0,1.92,30000.0,0.11648392743885756
0.008,20,768,slow,242.5,1.94,30312.5,0.1139046784935159
0.008,20,768,slow,245.0,1.96,30625.0,0.11138254068109442
0.008,20,768,slow,247.5,1.98,30937.5,0.10891624941206146
0.008,20,768,slow,250.0,2.0,31250.0,0.10650456809861711
0.008,20,768,slow,252.5,2.02,31562.5,0.10414628753460574
0.008,20,768,slow,255.0,2.04,31875.0,0.10184022528916536
0.008,20,768,slow,257.5,2.06,32187.5,0.09958522511380935
0.008,20,768,slow,260.0,2.08,32500.0,0.0973801563626411
0.008,20,768,slow,262.5,2.1,32812.5,0.09522391342541182
0.008,20,768,slow,265.0,2.12,33125.0,0.0931154151731361
0.008,20,768,slow,267.5,2.14,33437.5,0.09105360441598559
0.008,20,768,slow,270.0,2.16,33750.0,0.08903744737319044
0.008,20,768,slow,272.5,2.18,34062.5,0.0870659331546809
0.008,20,768,slow,275.0,2.2,34375.0,0.08513807325420905
0.008,20,768,slow,277.5,2.22,34687.5,0.08325290105369665
0.008,20,768,slow,280.0,2.24,35000.0,0.08140947133855977
0.008,20,768,slow,282.5,2.2600000000000002,35312.5,0.0796068598237674
0.008,20,768,slow,285.0,2.2800000000000002,35625.0,0.07784416269039536
0.008,20,768,slow,287.5,2.3000000000000003,35937.5,0.07612049613244397
0.008,20,768,slow,290.0,2.32,36250.0,0.07443499591369156
0.008,20,768,slow,292.5,2.34,36562.5,0.07278681693436097
0.008,20,768,slow,295.0,2.36,36875.0,0.07117513280738275
0.008,20,768,slow,297.5,2.38,37187.5,0.06959913544404141
0.008,20,768,slow,300.0,2.4,37500.0,0.06805803464879746
0.008,20,768,slow,302.5,2.42,37812.5,0.0665510577230818
0.008,20,768,slow,305.0,2.44,38125.0,0.06507744907786366
0.008,20,768,slow,307.5,2.46,38437.5,0.06363646985479783
0.008,20,768,slow,310.0,2.48,38750.0,0.06222739755576109
0.008,20,768,slow,312.5,2.5,39062.5,0.06084952568059226
0.008,20,768,slow,315.0,2.52,39375.0,0.05950216337285366
0.008,20,768,slow,317.5,2.54,39687.5,0.05818463507343695
0.008,20,768,slow,320.0,2.56,40000.0,0.0568962801818391
0.008,20,768,slow,322.5,2.58,40312.5,0.055636452724939035
0.008,20,768,slow,325.0,2.6,40625.0,0.054404521033108395
0.008,20,768,slow,327.5,2.62,40937.5,0.053199867423494425
0.008,20,768,slow,330.0,2.64,41250.0,0.05202188789031597
0.008,20,768,slow,332.5,2.66,41562.5,0.05086999180201708
0.008,20,768,slow,335.0,2.68,41875.0,0.04974360160512676
0.008,20,768,slow,337.5,2.7,42187.5,0.048642152534676075
0.008,20,768,slow,340.0,2.72,42500.0,0.047565092331027375
0.008,20,768,slow,342.5,2.74,42812.5,0.04651188096297387
0.008,20,768,slow,345.0,2.7600000000000002,43125.0,0.0454819903569706
0.008,20,768,slow,347.5,2.7800000000000002,43437.5,0.044474904132360715
0.008,20,768,slow,350.0,2.8000000000000003,43750.0,0.04349011734246503
0.008,20,768,slow,352.5,2.82,44062.5,0.04252713622140415
0.008,20,768,slow,355.0,2.84,44375.0,0.04158547793652702
0.008,20,768,slow,357.5,2.86,44687.5,0.040664670346321014
0.008,20,768,slow,360.0,2.88,45000.0,0.03976425176368286
0.008,20,768,slow,362.5,2.9,45312.5,0.03888377072443133
0.008,20,768,slow,365.0,2.92,45625.0,0.03802278576094546
0.008,20,768,slow,367.5,2.94,45937.5,0.03718086518081526
0.008,20,768,slow,370.0,2.96,46250.0,0.03635758685039366
0.008,20,768,slow,372.5,2.98,46562.5,0.03555253798314107
0.008,20,768,slow,375.0,3.0,46875.0,0.0347653149326566
0.008,20,768,slow,377.5,3.02,47187.5,0.03399552299029222
0.008,20,768,slow,380.0,3.04,47500.0,0.03324277618724812
0.008,20,768,slow,382.5,3.06,47812.5,0.032506697101050176
0.008,20,768,slow,385.0,3.08,48125.0,0.031786916666312774
0.008,20,768,slow,387.5,3.1,48437.5,0.03108307398969149
0.008,20,768,slow,390.0,3.12,48750.0,0.030394816168933407
0.008,20,768,slow,392.5,3.14,49062.5,0.029721798115934065
0.008,20,768,slow,395.0,3.16,49375.0,0.029063682383712444
0.008,20,768,slow,397.5,3.18,49687.5,0.028420138997217036
0.008,20,768,slow,400.0,3.2,50000.0,0.027790845287878427
0.008,20,768,slow,402.5,3.22,50312.5,0.027175485731825294
0.008,20,768,slow,405.0,3.24,50625.0,0.026573751791682632
0.008,20,768,slow,407.5,3.2600000000000002,50937.5,0.025985341761873035
0.008,20,768,slow,410.0,3.2800000000000002,51250.0,0.025409960617343467
0.008,20,768,slow,412.5,3.3000000000000003,51562.5,0.024847319865641447
0.008,20,768,slow,415.0,3.3200000000000003,51875.0,0.024297137402266765
0.008,20,768,slow,417.5,3.34,52187.5,0.023759137369226094
0.008,20,768,slow,420.0,3.36,52500.0,0.023233050016719447
0.008,20,768,slow,422.5,3.38,52812.5,0.022718611567889364
0.008,20,768,slow,425.0,3.4,53125.0,0.02221556408656482
0.008,20,768,slow,427.5,3.42,53437.5,0.021723655347933715
0.008,20,768,slow,430.0,3.44,53750.0,0.02124263871207885
0.008,20,768,slow,432.5,3.46,54062.5,0.02077227300031426
0.008,20,768,slow,435.0,3.48,54375.0,0.020312322374259808
0.008,20,768,slow,437.5,3.5,54687.5,0.01986255621759319
0.008,20,768,slow,440.0,3.52,55000.0,0.019422749020420443
0.008,20,768,slow,442.5,3.54,55312.5,0.01899268026620671
0.008,20,768,slow,445.0,3.56,55625.0,0.0185721343212106
0.008,20,768,slow,447.5,3.58,55937.5,0.018160900326366813
0.008,20,768,slow,450.0,3.6,56250.0,0.017758772091562767
0.008,20,768,slow,452.5,3.62,56562.5,0.017365547992256126
0.008,20,768,slow,455.0,3.64,56875.0,0.01698103086838158
0.008,20,768,slow,457.5,3.66,57187.5,0.016605027925495997
0.008,20,768,slow,460.0,3.68,57500.0,0.016237350638112526
0.008,20,768,slow,462.5,3.7,57812.5,0.015877814655175158
0.008,20,768,slow,465.0,3.72,58125.0,0.015526239707626182
0.008,20,768,slow,467.5,3.74,58437.5,0.015182449518020487
0.008,20,768,slow,470.0,3.7600000000000002,58750.0,0.014846271712141155
0.008,20,768,slow,472.5,3.7800000000000002,59062.5,0.014517537732572122
0.008,20,768,slow,475.0,3.8000000000000003,59375.0,0.014196082754184536
0.008,20,768,slow,477.5,3.8200000000000003,59687.5,0.013881745601494551
0.008,20,768,slow,480.0,3.84,60000.0,0.013574368667850868
0.008,20,768,slow,482.5,3.86,60312.5,0.013273797836411824
0.008,20,768,slow,485.0,3.88,60625.0,0.012979882402872163
0.008,20,768,slow,487.5,3.9,60937.5,0.012692474999900864
0.008,20,768,slow,490.0,3.92,61250.0,0.012411431523252088
0.008,20,768,slow,492.5,3.94,61562.5,0.012136611059512215
0.008,20,768,slow,495.0,3.96,61875.0,0.0118678758154468
0.008,20,768,slow,497.5,3.98,62187.5,0.011605091048911852
0.008,20,768,slow,500.0,4.0,62500.0,0.011348125001295022
0.008,20,768,fast,0.0,0.0,0.0,0.9999999999999982
0.008,20,768,fast,0.00016,1.28e-06,0.02,0.9999941880202133
0.008,20,768,fast,0.00032,2.56e-06,0.04,0.9999886895472869
0.008,20,768,fast,0.00048,3.8400000000000005e-06,0.06,0.9999834779542376
0.008,20,768,fast,0.00064,5.12e-06,0.08,0.99997852932218
0.008,20,768,fast,0.0008,6.4000000000000006e-06,0.1,0.9999738220943925
0.008,20,768,fast,0.00096,7.680000000000001e-06,0.12,0.999969336788483
0.008,20,768,fast,0.0011200000000000001,8.96e-06,0.14,0.9999650557540677
0.008,20,768,fast,0.00128,1.024e-05,0.16,0.9999609629666395
0.008,20,768,fast,0.0014399999999999999,1.152e-05,0.18,0.9999570438506169
0.008,20,768,fast,0.0016,1.2800000000000001e-05,0.2,0.9999532851262384
0.008,20,768,fast,0.00176,1.408e-05,0.22,0.9999496746761846
0.008,20,768,fast,0.00192,1.5360000000000002e-05,0.24,0.9999462014286996
0.008,20,768,fast,0.0020800000000000003,1.6640000000000003e-05,0.26,0.999942855254655
0.008,20,768,fast,0.0022400000000000002,1.792e-05,0.28,0.9999396268764944
0.008,20,768,fast,0.0024,1.92e-05,0.3,0.9999365077873859
0.008,20,768,fast,0.00256,2.048e-05,0.32,0.9999334901791989
0.008,20,768,fast,0.00272,2.1760000000000002e-05,0.34,0.9999305668781593
0.008,20,768,fast,0.0028799999999999997,2.304e-05,0.36,0.9999277312872185
0.008,20,768,fast,0.00304,2.432e-05,0.38,0.9999249773343162
0.008,20,768,fast,0.0032,2.5600000000000002e-05,0.4,0.9999222994258437
0.008,20,768,fast,0.00336,2.688e-05,0.42,0.9999196924047085
0.008,20,768,fast,0.00352,2.816e-05,0.44,0.9999171515124782
0.008,20,768,fast,0.00368,2.9440000000000003e-05,0.46,0.999914672355162
0.008,20,768,fast,0.00384,3.0720000000000004e-05,0.48,0.9999122508722317
0.008,20,768,fast,0.004,3.2e-05,0.5,0.9999098833085409
0.008,20,768,fast,0.0041600000000000005,3.328000000000001e-05,0.52,0.9999075661888445
0.008,20,768,fast,0.00432,3.456e-05,0.54,0.9999052962946448
0.008,20,768,fast,0.0044800000000000005,3.584e-05,0.56,0.9999030706431362
0.008,20,768,fast,0.00464,3.7120000000000004e-05,0.58,0.9999008864680378
0.008,20,768,fast,0.0048,3.84e-05,0.6,0.9998987412021246
0.008,20,768,fast,0.00496,3.968e-05,0.62,0.9998966324612987
0.008,20,768,fast,0.00512,4.096e-05,0.64,0.9998945580300482
0.008,20,768,fast,0.00528,4.224e-05,0.66,0.9998925158481641
0.008,20,768,fast,0.00544,4.3520000000000003e-05,0.68,0.9998905039985957
0.008,20,768,fast,0.005600000000000001,4.4800000000000005e-05,0.7000000000000001,0.9998885206963422
0.008,20,768,fast,0.0057599999999999995,4.608e-05,0.72,0.9998865642782798
0.008,20,768,fast,0.00592,4.736e-05,0.74,0.9998846331938434
0.008,20,768,fast,0.00608,4.864e-05,0.76,0.9998827259964836
0.008,20,768,fast,0.006240000000000001,4.992000000000001e-05,0.78,0.9998808413358302
0.008,20,768,fast,0.0064,5.1200000000000004e-05,0.8,0.9998789779504986
0.008,20,768,fast,0.006560000000000001,5.2480000000000006e-05,0.8200000000000001,0.9998771346614825
0.008,20,768,fast,0.00672,5.376e-05,0.84,0.9998753103660837
0.008,20,768,fast,0.00688,5.504e-05,0.86,0.9998735040323269
0.008,20,768,fast,0.00704,5.632e-05,0.88,0.9998717146938257
0.008,20,768,fast,0.007200000000000001,5.7600000000000004e-05,0.9,0.999869941445052
0.008,20,768,fast,0.00736,5.8880000000000005e-05,0.92,0.9998681834369821
0.008,20,768,fast,0.007520000000000001,6.016000000000001e-05,0.9400000000000001,0.999866439873083
0.008,20,768,fast,0.00768,6.144000000000001e-05,0.96,0.9998647100056118
0.008,20,768,fast,0.00784,6.272e-05,0.98,0.9998629931322034
0.008,20,768,fast,0.008,6.4e-05,1.0,0.9998612885927178
0.008,20,768,fast,0.00816,6.528000000000001e-05,1.02,0.9998595957663319
0.008,20,768,fast,0.008320000000000001,6.656000000000001e-05,1.04,0.9998579140688517
0.008,20,768,fast,0.008480000000000001,6.784000000000001e-05,1.06,0.9998562429502266
0.008,20,768,fast,0.00864,6.912e-05,1.08,0.9998545818922521
0.008,20,768,fast,0.0088,7.04e-05,1.1,0.999852930406443
0.008,20,768,fast,0.008960000000000001,7.168e-05,1.12,0.999851288032065
0.008,20,768,fast,0.009120000000000001,7.296e-05,1.1400000000000001,0.9998496543343116
0.008,20,768,fast,0.00928,7.424000000000001e-05,1.16,0.9998480289026145
0.008,20,768,fast,0.00944,7.552000000000001e-05,1.18,0.9998464113490763
0.008,20,768,fast,0.0096,7.68e-05,1.2,0.9998448013070186
0.008,20,768,fast,0.00976,7.808e-05,1.22,0.9998431984296325
0.008,20,768,fast,0.00992,7.936e-05,1.24,0.9998416023887271
0.008,20,768,fast,0.01008,8.064e-05,1.26,0.9998400128735652
0.008,20,768,fast,0.01024,8.192e-05,1.28,0.9998384295897826
0.008,20,768,fast,0.010400000000000001,8.320000000000002e-05,1.3,0.9998368522583829
0.008,20,768,fast,0.01056,8.448e-05,1.32,0.9998352806148012
0.008,20,768,fast,0.01072,8.576e-05,1.34,0.9998337144080339
0.008,20,768,fast,0.01088,8.704000000000001e-05,1.36,0.999832153399827
0.008,20,768,fast,0.011040000000000001,8.832000000000001e-05,1.3800000000000001,0.9998305973639201
0.008,20,768,fast,0.011200000000000002,8.960000000000001e-05,1.4000000000000001,0.9998290460853424
0.008,20,768,fast,0.01136,9.088000000000001e-05,1.42,0.999827499359755
0.008,20,768,fast,0.011519999999999999,9.216e-05,1.44,0.9998259569928374
0.008,20,768,fast,0.01168,9.344e-05,1.46,0.9998244187997136
0.008,20,768,fast,0.01184,9.472e-05,1.48,0.9998228846044186
0.008,20,768,fast,0.012,9.6e-05,1.5,0.9998213542393966
0.008,20,768,fast,0.01216,9.728e-05,1.52,0.9998198275450337
0.008,20,768,fast,0.012320000000000001,9.856e-05,1.54,0.9998183043692199
0.008,20,768,fast,0.012480000000000002,9.984000000000002e-05,1.56,0.9998167845669388
0.008,20,768,fast,0.01264,0.00010112000000000001,1.58,0.9998152679998832
0.008,20,768,fast,0.0128,0.00010240000000000001,1.6,0.9998137545360966
0.008,20,768,fast,0.012960000000000001,0.00010368000000000001,1.62,0.9998122440496328
0.008,20,768,fast,0.013120000000000001,0.00010496000000000001,1.6400000000000001,0.9998107364202424
0.008,20,768,fast,0.013280000000000002,0.00010624000000000001,1.6600000000000001,0.9998092315330721
0.008,20,768,fast,0.01344,0.00010752,1.68,0.9998077292783882
0.008,20,768,fast,0.0136,0.0001088,1.7,0.9998062295513119
0.008,20,768,fast,0.01376,0.00011008,1.72,0.9998047322515734
0.008,20,768,fast,0.01392,0.00011136,1.74,0.9998032372832797
0.008,20,768,fast,0.01408,0.00011264,1.76,0.9998017445546954
0.008,20,768,fast,0.014240000000000001,0.00011392000000000001,1.78,0.9998002539780366
0.008,20,768,fast,0.014400000000000001,0.00011520000000000001,1.8,0.9997987654692774
0.008,20,768,fast,0.01456,0.00011648,1.82,0.999797278947967
0.008,20,768,fast,0.01472,0.00011776000000000001,1.84,0.9997957943370562
0.008,20,768,fast,0.01488,0.00011904000000000001,1.86,0.999794311562735
0.008,20,768,fast,0.015040000000000001,0.00012032000000000001,1.8800000000000001,0.999792830554279
0.008,20,768,fast,0.015200000000000002,0.00012160000000000001,1.9000000000000001,0.9997913512439035
0.008,20,768,fast,0.01536,0.00012288000000000002,1.92,0.999789873566626
0.008,20,768,fast,0.015519999999999999,0.00012416,1.94,0.9997883974601365
0.008,20,768,fast,0.01568,0.00012544,1.96,0.9997869228646745
0.008,20,768,fast,0.01584,0.00012672,1.98,0.9997854497229127
0.008,20,768,fast,0.016,0.000128,2.0,0.9997839779798458
0.008,20,768,fast,0.01616,0.00012928,2.02,0.9997825075826869
0.008,20,768,fast,0.01632,0.00013056000000000002,2.04,0.999781038480768
0.008,20,768,fast,0.01648,0.00013184,2.06,0.9997795706254464
0.008,20,768,fast,0.016640000000000002,0.00013312000000000003,2.08,0.9997781039700142
0.008,20,768,fast,0.016800000000000002,0.00013440000000000001,2.1,0.9997766384696152
0.008,20,768,fast,0.016960000000000003,0.00013568000000000003,2.12,0.9997751740811628
0.008,20,768,fast,0.01712,0.00013696,2.14,0.9997737107632655
0.008,20,768,fast,0.01728,0.00013824,2.16,0.9997722484761521
0.008,20,768,fast,0.01744,0.00013952000000000002,2.18,0.9997707871816035
0.008,20,768,fast,0.0176,0.0001408,2.2,0.9997693268428872
0.008,20,768,fast,0.01776,0.00014208000000000002,2.22,0.999767867424694
0.008,20,768,fast,0.017920000000000002,0.00014336,2.24,0.9997664088930788
0.008,20,768,fast,0.018080000000000002,0.00014464000000000002,2.2600000000000002,0.999764951215403
0.008,20,768,fast,0.018240000000000003,0.00014592,2.2800000000000002,0.9997634943602813
0.008,20,768,fast,0.018400000000000003,0.00014720000000000003,2.3000000000000003,0.9997620382975299
0.008,20,768,fast,0.01856,0.00014848000000000001,2.32,0.9997605829981155
0.008,20,768,fast,0.01872,0.00014976,2.34,0.9997591284341114
0.008,20,768,fast,0.01888,0.00015104000000000002,2.36,0.9997576745786497
0.008,20,768,fast,0.019039999999999998,0.00015231999999999998,2.38,0.9997562214058797
0.008,20,768,fast,0.0192,0.0001536,2.4,0.9997547688909276
0.008,20,768,fast,0.01936,0.00015487999999999998,2.42,0.999753317009856
0.008,20,768,fast,0.01952,0.00015616,2.44,0.9997518657396276
0.008,20,768,fast,0.01968,0.00015744,2.46,0.9997504150580684
0.008,20,768,fast,0.01984,0.00015872,2.48,0.9997489649438351
0.008,20,768,fast,0.02,0.00016,2.5,0.9997475153763806
0.008,20,768,fast,0.02016,0.00016128,2.52,0.9997460663359244
0.008,20,768,fast,0.02032,0.00016256000000000002,2.54,0.9997446178034212
0.008,20,768,fast,0.02048,0.00016384,2.56,0.999743169760533
0.008,20,768,fast,0.020640000000000002,0.00016512000000000002,2.58,0.9997417221896016
0.008,20,768,fast,0.020800000000000003,0.00016640000000000003,2.6,0.9997402750736218
0.008,20,768,fast,0.020960000000000003,0.00016768000000000002,2.62,0.9997388283962175
0.008,20,768,fast,0.02112,0.00016896,2.64,0.9997373821416157
0.008,20,768,fast,0.02128,0.00017024,2.66,0.9997359362946245
0.008,20,768,fast,0.02144,0.00017152,2.68,0.999734490840611
0.008,20,768,fast,0.0216,0.00017280000000000003,2.7,0.9997330457654791
0.008,20,768,fast,0.02176,0.00017408000000000001,2.72,0.9997316010556496
0.008,20,768,fast,0.021920000000000002,0.00017536000000000003,2.74,0.9997301566980414
0.008,20,768,fast,0.022080000000000002,0.00017664000000000002,2.7600000000000002,0.9997287126800511
0.008,20,768,fast,0.022240000000000003,0.00017792000000000003,2.7800000000000002,0.999727268989536
0.008,20,768,fast,0.022400000000000003,0.00017920000000000002,2.8000000000000003,0.9997258256147968
0.008,20,768,fast,0.02256,0.00018048,2.82,0.9997243825445603
0.008,20,768,fast,0.02272,0.00018176000000000002,2.84,0.9997229397679636
0.008,20,768,fast,0.02288,0.00018304,2.86,0.9997214972745397
0.008,20,768,fast,0.023039999999999998,0.00018432,2.88,0.999720055054201
0.008,20,768,fast,0.0232,0.00018559999999999998,2.9,0.9997186130972269
0.008,20,768,fast,0.02336,0.00018688,2.92,0.9997171713942494
0.008,20,768,fast,0.02352,0.00018816,2.94,0.9997157299362396
0.008,20,768,fast,0.02368,0.00018944,2.96,0.9997142887144955
0.008,20,768,fast,0.02384,0.00019072000000000002,2.98,0.9997128477206305
0.008,20,768,fast,0.024,0.000192,3.0,0.9997114069465606
0.008,20,768,fast,0.02416,0.00019328000000000002,3.02,0.9997099663844942
0.008,20,768,fast,0.02432,0.00019456,3.04,0.999708526026921
0.008,20,768,fast,0.024480000000000002,0.00019584000000000002,3.06,0.9997070858666015
0.008,20,768,fast,0.024640000000000002,0.00019712,3.08,0.9997056458965574
0.008,20,768,fast,0.024800000000000003,0.00019840000000000002,3.1,0.9997042061100619
0.008,20,768,fast,0.024960000000000003,0.00019968000000000004,3.12,0.9997027665006302
0.008,20,768,fast,0.02512,0.00020096,3.14,0.9997013270620104
0.008,20,768,fast,0.02528,0.00020224000000000002,3.16,0.9996998877881765
0.008,20,768,fast,0.02544,0.00020352,3.18,0.9996984486733189
0.008,20,768,fast,0.0256,0.00020480000000000002,3.2,0.999697009711836
0.008,20,768,fast,0.02576,0.00020608,3.22,0.9996955708983282
0.008,20,768,fast,0.025920000000000002,0.00020736000000000002,3.24,0.9996941322275891
0.008,20,768,fast,0.026080000000000002,0.00020864000000000004,3.2600000000000002,0.9996926936945997
0.008,20,768,fast,0.026240000000000003,0.00020992000000000002,3.2800000000000002,0.9996912552945205
0.008,20,768,fast,0.026400000000000003,0.00021120000000000004,3.3000000000000003,0.9996898170226862
0.008,20,768,fast,0.026560000000000004,0.00021248000000000003,3.3200000000000003,0.9996883788745975
0.008,20,768,fast,0.02672,0.00021376,3.34,0.9996869408459176
0.008,20,768,fast,0.02688,0.00021504,3.36,0.999685502932464
0.008,20,768,fast,0.027039999999999998,0.00021632,3.38,0.9996840651302045
0.008,20,768,fast,0.0272,0.0002176,3.4,0.9996826274352512
0.008,20,768,fast,0.02736,0.00021888,3.42,0.9996811898438545
0.008,20,768,fast,0.02752,0.00022016,3.44,0.9996797523524
0.008,20,768,fast,0.02768,0.00022144,3.46,0.9996783149574018
0.008,20,768,fast,0.02784,0.00022272,3.48,0.9996768776554988
0.008,20,768,fast,0.028,0.000224,3.5,0.9996754404434499
0.008,20,768,fast,0.02816,0.00022528,3.52,0.9996740033181302
0.008,20,768,fast,0.02832,0.00022656000000000003,3.54,0.9996725662765253
0.008,20,768,fast,0.028480000000000002,0.00022784000000000001,3.56,0.9996711293157302
0.008,20,768,fast,0.028640000000000002,0.00022912000000000003,3.58,0.9996696924329418
0.008,20,768,fast,0.028800000000000003,0.00023040000000000002,3.6,0.9996682556254584
0.008,20,768,fast,0.028960000000000003,0.00023168000000000003,3.62,0.9996668188906739
0.008,20,768,fast,0.02912,0.00023296,3.64,0.9996653822260751
0.008,20,768,fast,0.02928,0.00023424,3.66,0.999663945629239
0.008,20,768,fast,0.02944,0.00023552000000000002,3.68,0.9996625090978287
0.008,20,768,fast,0.0296,0.0002368,3.7,0.9996610726295909
0.008,20,768,fast,0.02976,0.00023808000000000002,3.72,0.9996596362223519
0.008,20,768,fast,0.029920000000000002,0.00023936,3.74,0.9996581998740164
0.008,20,768,fast,0.030080000000000003,0.00024064000000000003,3.7600000000000002,0.9996567635825631
0.008,20,768,fast,0.030240000000000003,0.00024192000000000004,3.7800000000000002,0.9996553273460429
0.008,20,768,fast,0.030400000000000003,0.00024320000000000003,3.8000000000000003,0.9996538911625763
0.008,20,768,fast,0.030560000000000004,0.00024448000000000004,3.8200000000000003,0.9996524550303506
0.008,20,768,fast,0.03072,0.00024576000000000003,3.84,0.9996510189476174
0.008,20,768,fast,0.03088,0.00024704,3.86,0.9996495829126916
0.008,20,768,fast,0.031039999999999998,0.00024832,3.88,0.9996481469239467
0.008,20,768,fast,0.0312,0.0002496,3.9,0.9996467109798146
0.008,20,768,fast,0.03136,0.00025088,3.92,0.9996452750787839
0.008,20,768,fast,0.03152,0.00025216,3.94,0.9996438392193957
0.008,20,768,fast,0.03168,0.00025344,3.96,0.9996424034002439
0.008,20,768,fast,0.03184,0.00025472,3.98,0.9996409676199719
0.008,20,768,fast,0.032,0.000256,4.0,0.9996395318772717
0.008,20,768,long_tail,502.49999999999994,4.02,62812.49999999999,0.011096848831452658
0.008,20,768,long_tail,512.2138871749867,4.097711097399894,64026.73589687333,0.010172198355119273
0.008,20,768,long_tail,522.1155546565375,4.1769244372523,65264.444332067185,0.009308925340277493
0.008,20,768,long_tail,532.2086324480584,4.257669059584468,66526.07905600731,0.008504322690495093
0.008,20,768,long_tail,542.4968207249827,4.339974565799862,67812.10259062285,0.007755699582335947
0.008,20,768,long_tail,552.9838911912746,4.4238711295301965,69122.98639890931,0.007060388819035488
0.008,20,768,long_tail,563.6736884621546,4.509389507697237,70459.21105776932,0.0064157539024018335
0.008,20,768,long_tail,574.5701314735577,4.596561051788462,71821.26643419471,0.00581919578736392
0.008,20,768,long_tail,585.6772149188342,4.685417719350674,73209.65186485428,0.005268159286009303
0.008,20,768,long_tail,596.9990107132264,4.775992085705812,74624.8763391533,0.004760139090681124
0.008,20,768,long_tail,608.5396694866535,4.868317355893228,76067.45868583168,0.004292685388714066
0.008,20,768,long_tail,620.3034221053542,4.962427376842834,77537.92776316928,0.0038634090446529796
0.008,20,768,long_tail,632.2945812229456,5.058356649783565,79036.8226528682,0.0034699863292840705
0.008,20,768,long_tail,644.5175428614634,5.156140342891708,80564.69285768292,0.00311016317848125
0.008,20,768,long_tail,656.976788022968,5.255814304183744,82122.098502871,0.002781758968690418
0.008,20,768,long_tail,669.6768843323022,5.357415074658418,83709.61054153777,0.0024826697998007598
0.008,20,768,long_tail,682.622487711607,5.460979901692856,85327.81096395088,0.002210871280140956
0.008,20,768,long_tail,695.8183440872077,5.566546752697662,86977.29301090096,0.0019644208123441444
0.008,20,768,long_tail,709.269291129495,5.67415432903596,88658.66139118686,0.0017414593828029672
0.008,20,768,long_tail,722.9802600264399,5.783842080211519,90372.53250330497,0.0015402128613383789
0.008,20,768,long_tail,736.9562772913941,5.895650218331153,92119.53466142426,0.0013589928214880376
0.008,20,768,long_tail,751.2024666058356,6.009619732846685,93900.30832572945,0.0011961968954373543
0.008,20,768,long_tail,765.7240506977382,6.1257924055819055,95715.50633721727,0.00105030868102669
0.008,20,768,long_tail,780.5263532562489,6.244210826049991,97565.79415703111,0.0009198972214321568
0.008,20,768,long_tail,795.6148008833836,6.364918407067069,99451.85011042295,0.0008036160809988719
0.008,20,768,long_tail,810.994925083445,6.48795940066756,101374.36563543061,0.0007002020432728598
0.008,20,768,long_tail,826.6723642909026,6.613378914327221,103334.04553636281,0.0006084734595030114
0.008,20,768,long_tail,842.6528659374727,6.7412229274997815,105331.60824218408,0.0005273282777463951
0.008,20,768,long_tail,858.942288559156,6.871538308473249,107367.7860698945,0.00045574178419141836
0.008,20,768,long_tail,875.5466039440091,7.0043728315520735,109443.32549300113,0.0003927640894035595
0.008,20,768,long_tail,892.471899321432,7.139775194571456,111558.987415179,0.0003375173928928699
0.008,20,768,long_tail,909.7243795937796,7.277795036750237,113715.54744922246,0.000289193059702494
0.008,20,768,long_tail,927.3103696111106,7.418482956888885,115913.79620138882,0.00024704854263068733
0.008,20,768,long_tail,945.2363164899122,7.561890531919297,118154.53956123901,0.00021040418323852678
0.008,20,768,long_tail,963.5087919766445,7.708070335813156,120438.59899708055,0.00017863992398066452
0.008,20,768,long_tail,982.1344948569811,7.857075958855849,122766.81185712264,0.0001511919626511479
0.008,20,768,long_tail,1001.1202534116148,8.008962027292919,125140.03167645185,0.00012754937888938937
0.008,20,768,long_tail,1020.4730279195444,8.163784223356355,127559.12848994305,0.00010725076077540938
0.008,20,768,long_tail,1040.1999132097487,8.32159930567799,130024.98915121859,8.988085759484253e-05
0.008,20,768,long_tail,1060.3081412621877,8.482465130097502,132538.51765777345,7.506728271139107e-05
0.008,20,768,long_tail,1080.8050838590852,8.646440670872682,135100.63548238564,6.247728818798055e-05
0.008,20,768,long_tail,1101.698255287462,8.813586042299695,137712.28191093274,5.1814630389177316e-05
0.008,20,768,long_tail,1122.9953150939143,8.983962520751314,140374.41438673928,4.281654331792111e-05
0.008,20,768,long_tail,1144.7040708926427,9.15763256714114,143088.00886158034,3.525083393005949e-05
0.008,20,768,long_tail,1166.8324812277658,9.334659849822126,145854.06015347072,2.891311116975173e-05
0.008,20,768,long_tail,1189.3886584909628,9.515109267927702,148673.58231137035,2.3624158014537276e-05
0.008,20,768,long_tail,1212.3808718955202,9.699046975164162,151547.60898694003,1.9227453444788903e-05
0.008,20,768,long_tail,1235.8175505078689,9.88654040406295,154477.1938134836,1.5586848989051532e-05
0.008,20,768,long_tail,1259.7072863377239,10.077658290701791,157463.4107922155,1.2584402371078893e-05
0.008,20,768,long_tail,1284.05883748796,10.27247069990368,160507.354685995,1.0118368818674657e-05
0.008,20,768,long_tail,1308.881131365378,10.471049050923025,163610.14142067224,8.101348806656946e-06
0.008,20,768,long_tail,1334.1832679535426,10.67346614362834,166772.90849419282,6.458589409720794e-06
0.008,20,768,long_tail,1359.9745231488773,10.879796185191019,169996.81539360966,5.126435044402383e-06
0.008,20,768,long_tail,1386.2643521612652,11.090114817290122,173283.04402015815,4.0509221869904105e-06
0.008,20,768,long_tail,1413.062392980371,11.304499143842968,176632.79912254636,3.186511666080433e-06
0.008,20,768,long_tail,1440.3784699089845,11.523027759271876,180047.30873862305,2.494951340561085e-06
0.008,20,768,long_tail,1468.2225971646587,11.74578077731727,183527.82464558232,1.9442613786749756e-06
0.008,20,768,long_tail,1496.6049825509742,11.972839860407793,187075.62281887178,1.5078339408210308e-06
0.008,20,768,long_tail,1525.536031199777,12.204288249598216,190692.00389997213,1.1636388248100294e-06
0.008,20,768,long_tail,1555.0263493857506,12.440210795086005,194378.2936732188,8.935265421467859e-07
0.008,20,768,long_tail,1585.0867484147357,12.680693987317886,198135.84355184194,6.826203408919769e-07
0.008,20,768,long_tail,1615.7282485872076,12.925825988697662,201966.03107340095,5.187888570935127e-07
0.008,20,768,long_tail,1646.9620832383828,13.175696665907063,205870.26040479785,3.9219134456335094e-07
0.008,20,768,long_tail,1678.799702856411,13.430397622851288,209849.96285705137,2.9488778383894296e-07
0.008,20,768,long_tail,1711.2527792801889,13.69002223424151,213906.5974100236,2.2050658790066187e-07
0.008,20,768,long_tail,1744.3332099783186,13.95466567982655,218041.65124728982,1.639630878524964e-07
0.008,20,768,long_tail,1778.0531224107806,14.224424979286246,222256.64030134756,1.2122248069890083e-07
0.008,20,768,long_tail,1812.4248784749232,14.499399027799386,226553.10980936539,8.91014393513481e-08
0.008,20,768,long_tail,1847.4610790373997,14.779688632299198,230932.63487967497,6.510310943403135e-08
0.008,20,768,long_tail,1883.1745685537162,15.06539654842973,235396.82106921452,4.7280737376162565e-08
0.008,20,768,long_tail,1919.5784397770706,15.356627518216564,239947.3049721338,3.412568046053337e-08
0.008,20,768,long_tail,1956.6860385582277,15.653488308465821,244585.75481977846,2.4476034453490152e-08
0.008,20,768,long_tail,1994.5109687381805,15.956087749905445,249313.87109227254,1.7442572348644203e-08
0.008,20,768,long_tail,2033.0670971353877,16.2645367770831,254133.38714192345,1.2349114363670415e-08
0.008,20,768,long_tail,2072.3685586294205,16.578948469035364,259046.06982867754,8.684841822542093e-09
0.008,20,768,long_tail,2112.4297613428853,16.899438090743082,264053.7201678607,6.066424402508391e-09
0.008,20,768,long_tail,2153.2653919235195,17.226123135388157,269158.1739904399,4.208151004787464e-09
0.008,20,768,long_tail,2194.8904209283937,17.55912336742715,274361.3026160492,2.898539731703173e-09
0.008,20,768,long_tail,2237.3201083121908,17.898560866497526,279665.0135390238,1.982153386785604e-09
0.008,20,768,long_tail,2280.5700090215914,18.24456007217273,285071.2511276989,1.3455654070915668e-09
0.008,20,768,long_tail,2324.6559786977996,18.597247829582397,290581.99733722495,9.066094603527786e-10
0.008,20,768,long_tail,2369.594179489301,18.956753435914408,296199.27243616263,6.0620664299068e-10
0.008,20,768,long_tail,2415.401085976991,19.323208687815928,301925.13574712386,4.0219999869547974e-10
0.008,20,768,long_tail,2462.0934912138487,19.69674792971079,307761.6864017311,2.6473968411932443e-10
0.008,20,768,long_tail,2509.688512881353,20.077508103050825,313711.06411016907,1.7285623592501035e-10
0.008,20,768,long_tail,2558.2035995649157,20.465628796519326,319775.44994561444,1.1193662536679905e-10
0.008,20,768,long_tail,2607.6565371506244,20.861252297204995,325957.067143828,7.188054106925737e-11
0.008,20,768,long_tail,2658.0654553456457,21.264523642765166,332258.1819182057,4.576483642403431e-11
0.008,20,768,long_tail,2709.4488343246667,21.675590674597334,338681.10429058335,2.8884313942831787e-11
0.008,20,768,long_tail,2761.825511504824,22.094604092038594,345228.18893810303,1.8068765892308067e-11
0.008,20,768,long_tail,2815.214688451606,22.52171750761285,351901.83605645073,1.1200993044748573e-11
0.008,20,768,long_tail,2869.6359379182427,22.957087503345942,358704.4922397803,6.879708430114182e-12
0.008,20,768,long_tail,2925.1092110211794,23.400873688169437,365638.6513776474,4.18592459899868e-12
0.008,20,768,long_tail,2981.654844554262,23.8532387564341,372706.8555692828,2.52256012952646e-12
0.008,20,768,long_tail,3039.2935684443173,24.314348547554538,379911.69605553965,1.5053579348185258e-12
0.008,20,768,long_tail,3098.046513350848,24.78437210680678,387255.81416885596,8.894139858139006e-13
0.008,20,768,long_tail,3157.935218412643,25.263481747301142,394741.90230158035,5.201759625418568e-13
0.008,20,768,long_tail,3218.98163914414,25.75185311315312,402372.7048930175,3.0108793247011337e-13
0.008,20,768,long_tail,3281.2081554844403,26.249665243875523,410151.01943555503,1.7244321505721193e-13
0.008,20,768,long_tail,3344.6375800018986,26.75710064001519,418079.6975002373,9.770568396775614e-14
0.008,20,768,long_tail,3409.2931662573396,27.27434533005872,426161.64578216744,5.475503389839085e-14
0.008,20,768,long_tail,3475.1986173289356,27.801588938631486,434399.8271661169,3.034356336236822e-14
0.008,20,768,long_tail,3542.378094501879,28.339024756015032,442797.2618127348,1.6624685252848593e-14
0.008,20,768,long_tail,3610.8562261260313,28.88684980900825,451357.0282657539,9.003032288263833e-15
0.008,20,768,long_tail,3680.6581166448104,29.445264933158484,460082.2645806013,4.818091655794942e-15
0.008,20,768,long_tail,3751.809355798615,30.01447484638892,468976.16947482683,2.5474909076973286e-15
0.008,20,768,long_tail,3824.3360280061556,30.594688224049246,478042.00350076944,1.3304547265302625e-15
0.008,20,768,long_tail,3898.264721927128,31.186117775417024,487283.090240891,6.861736045190683e-16
0.008,20,768,long_tail,3973.622540209777,31.788980321678217,496702.81752622215,3.4938876891842296e-16
0.008,20,768,long_tail,4050.437109426857,32.40349687541486,506304.6386783571,1.7559713984133183e-16
0.008,20,768,long_tail,4128.736590203679,33.02989272162943,516092.0737754599,8.70863244123752e-17
0.008,20,768,long_tail,4208.549687541944,33.66839750033555,526068.710942743,4.2608363500827254e-17
0.008,20,768,long_tail,4289.905661343154,34.31924529074523,536238.2076678942,2.056071924197878e-17
0.008,20,768,long_tail,4372.834337135442,34.98267469708354,546604.2921419303,9.782825169831224e-18
0.008,20,768,long_tail,4457.366117007767,35.65892893606213,557170.7646259709,4.588329151741677e-18
0.008,20,768,long_tail,4543.531990755472,36.34825592604378,567941.498844434,2.1207456178719373e-18
0.008,20,768,long_tail,4631.363547241327,37.05090837793062,578920.4434051659,9.657027271581758e-19
0.008,20,768,long_tail,4720.892985976153,37.767143887809226,590111.6232470191,4.3310575547563354e-19
0.008,20,768,long_tail,4812.1531289233335,38.49722503138667,601519.1411154167,1.912548247035279e-19
0.008,20,768,long_tail,4905.177432531535,39.241419460252274,613147.1790664418,8.313208132771476e-20
0.008,20,768,long_tail,5000.0,40.0,625000.0,3.555740541535726e-20
0.008,14,384,slow,0.0,0.0,0.0,0.9999999999999988
0.008,14,384,slow,2.5,0.02,312.5,0.9777530107557784
0.008,14,384,slow,5.0,0.04,625.0,0.9560743137241994
0.008,14,384,slow,7.5,0.06,937.5,0.9348789765731733
0.008,14,384,slow,10.0,0.08,1250.0,0.9141558888357161
0.008,14,384,slow,12.5,0.1,1562.5,0.8938942423510842
0.008,14,384,slow,15.0,0.12,1875.0,0.8740835145880014
0.008,14,384,slow,17.5,0.14,2187.5,0.8547134548969257
0.008,14,384,slow,20.0,0.16,2500.0,0.8357740726949886
0.008,14,384,slow,22.5,0.18,2812.5,0.8172556270372059
0.008,14,384,slow,25.0,0.2,3125.0,0.7991486172422483
0.008,14,384,slow,27.5,0.22,3437.5,0.7814437743545792
0.008,14,384,slow,30.0,0.24,3750.0,0.7641320532904248
0.008,14,384,slow,32.5,0.26,4062.5,0.7472046255558943
0.008,14,384,slow,35.0,0.28,4375.0,0.7306528724525222
0.008,14,384,slow,37.5,0.3,4687.5,0.7144683787041122
0.008,14,384,slow,40.0,0.32,5000.0,0.6986429264521158
0.008,14,384,slow,42.5,0.34,5312.5,0.6831684895766331
0.008,14,384,slow,45.0,0.36,5625.0,0.6680372283076033
0.008,14,384,slow,47.5,0.38,5937.5,0.6532414840965359
0.008,14,384,slow,50.0,0.4,6250.0,0.6387737747237012
0.008,14,384,slow,52.5,0.42,6562.5,0.6246267896193485
0.008,14,384,slow,55.0,0.44,6875.0,0.6107933853804959
0.008,14,384,slow,57.5,0.46,7187.5,0.5972665814672716
0.008,14,384,slow,60.0,0.48,7500.0,0.5840395560648108
0.008,14,384,slow,62.5,0.5,7812.5,0.571105642098416
0.008,14,384,slow,65.0,0.52,8125.0,0.5584583233911242
0.008,14,384,slow,67.5,0.54,8437.5,0.5460912309540389
0.008,14,384,slow,70.0,0.56,8750.0,0.5339981394008477
0.008,14,384,slow,72.5,0.58,9062.5,0.522172963478833
0.008,14,384,slow,75.0,0.6,9375.0,0.5106097547094801
0.008,14,384,slow,77.5,0.62,9687.5,0.4993026981324589
0.008,14,384,slow,80.0,0.64,10000.0,0.4882461091473574
0.008,14,384,slow,82.5,0.66,10312.5,0.477434430448062
0.008,14,384,slow,85.0,0.68,10625.0,0.46686222904514724
0.008,14,384,slow,87.5,0.7000000000000001,10937.5,0.4565241933720349
0.008,14,384,slow,90.0,0.72,11250.0,0.4464151304710508
0.008,14,384,slow,92.5,0.74,11562.5,0.43652996325582005
0.008,14,384,slow,95.0,0.76,11875.0,0.4268637278467311
0.008,14,384,slow,97.5,0.78,12187.5,0.4174115709764481
0.008,14,384,slow,100.0,0.8,12500.0,0.40816874746268
0.008,14,384,slow,102.5,0.8200000000000001,12812.5,0.39913061774561737
0.008,14,384,slow,105.0,0.84,13125.0,0.39029264548762854
0.008,14,384,slow,107.5,0.86,13437.5,0.38165039523297145
0.008,14,384,slow,110.0,0.88,13750.0,0.3731995301254246
0.008,14,384,slow,112.5,0.9,14062.5,0.36493580968187234
0.008,14,384,slow,115.0,0.92,14375.0,0.3568550876200005
0.008,14,384,slow,117.5,0.9400000000000001,14687.5,0.3489533097383688
0.008,14,384,slow,120.0,0.96,15000.0,0.3412265118472199
0.008,14,384,slow,122.5,0.98,15312.5,0.3336708177484814
0.008,14,384,slow,125.0,1.0,15625.0,0.3262824372634931
0.008,14,384,slow,127.5,1.02,15937.5,0.31905766430707044
0.008,14,384,slow,130.0,1.04,16250.0,0.31199287500657785
0.008,14,384,slow,132.5,1.06,16562.5,0.3050845258647561
0.008,14,384,slow,135.0,1.08,16875.0,0.29832915196509724
0.008,14,384,slow,137.5,1.1,17187.5,0.2917233652186178
0.008,14,384,slow,140.0,1.12,17500.0,0.2852638526509287
0.008,14,384,slow,142.5,1.1400000000000001,17812.5,0.27894737472854525
0.008,14,384,slow,145.0,1.16,18125.0,0.2727707637234228
0.008,14,384,slow,147.5,1.18,18437.5,0.26673092211473975
0.008,14,384,slow,150.0,1.2,18750.0,0.26082482102699145
0.008,14,384,slow,152.5,1.22,19062.5,0.25504949870348476
0.008,14,384,slow,155.0,1.24,19375.0,0.24940205901436097
0.008,14,384,slow,157.5,1.26,19687.5,0.24387966999830066
0.008,14,384,slow,160.0,1.28,20000.0,0.23847956243709217
0.008,14,384,slow,162.5,1.3,20312.5,0.23319902846227375
0.008,14,384,slow,165.0,1.32,20625.0,0.22803542019308068
0.008,14,384,slow,167.5,1.34,20937.5,0.22298614840495462
0.008,14,384,slow,170.0,1.36,21250.0,0.21804868122789367
0.008,14,384,slow,172.5,1.3800000000000001,21562.5,0.21322054287394204
0.008,14,384,slow,175.0,1.4000000000000001,21875.0,0.2084993123931398
0.008,14,384,slow,177.5,1.42,22187.5,0.20388262245726854
0.008,14,384,slow,180.0,1.44,22500.0,0.1993681581707533
0.008,14,384,slow,182.5,1.46,22812.5,0.1949536559080908
0.008,14,384,slow,185.0,1.48,23125.0,0.19063690217719736
0.008,14,384,slow,187.5,1.5,23437.5,0.18641573250808102
0.008,14,384,slow,190.0,1.52,23750.0,0.18228803036626112
0.008,14,384,slow,192.5,1.54,24062.5,0.17825172609037065
0.008,14,384,slow,195.0,1.56,24375.0,0.17430479585339342
0.008,14,384,slow,197.5,1.58,24687.5,0.17044526064699872
0.008,14,384,slow,200.0,1.6,25000.0,0.16667118528845323
0.008,14,384,slow,202.5,1.62,25312.5,0.1629806774495989
0.008,14,384,slow,205.0,1.6400000000000001,25625.0,0.1593718867074005
0.008,14,384,slow,207.5,1.6600000000000001,25937.5,0.1558430036155771
0.008,14,384,slow,210.0,1.68,26250.0,0.1523922587968445
0.008,14,384,slow,212.5,1.7,26562.5,0.14901792205530545
0.008,14,384,slow,215.0,1.72,26875.0,0.14571830150853665
0.008,14,384,slow,217.5,1.74,27187.5,0.14249174273893137
0.008,14,384,slow,220.0,1.76,27500.0,0.1393366279638676
0.008,14,384,slow,222.5,1.78,27812.5,0.13625137522428016
0.008,14,384,slow,225.0,1.8,28125.0,0.13323443759122716
0.008,14,384,slow,227.5,1.82,28437.5,0.13028430239004793
0.008,14,384,slow,230.0,1.84,28750.0,0.12739949044172205
0.008,14,384,slow,232.5,1.86,29062.5,0.12457855532104442
0.008,14,384,slow,235.0,1.8800000000000001,29375.0,0.12182008263124315
0.008,14,384,slow,237.5,1.9000000000000001,29687.5,0.1191226892946742
0.008,14,384,slow,240.0,1.92,30000.0,0.11648502285923451
0.008,14,384,slow,242.5,1.94,30312.5,0.11390576082014457
0.008,14,384,slow,245.0,1.96,30625.0,0.11138360995675928
0.008,14,384,slow,247.5,1.98,30937.5,0.1089173056840718
0.008,14,384,slow,250.0,2.0,31250.0,0.10650561141858579
0.008,14,384,slow,252.5,2.02,31562.5,0.10414731795823544
0.008,14,384,slow,255.0,2.04,31875.0,0.10184124287604208
0.008,14,384,slow,257.5,2.06,32187.5,0.09958622992720313
0.008,14,384,slow,260.0,2.08,32500.0,0.09738114846931376
0.008,14,384,slow,262.5,2.1,32812.5,0.09522489289543133
0.008,14,384,slow,265.0,2.12,33125.0,0.09311638207969726
0.008,14,384,slow,267.5,2.14,33437.5,0.09105455883523737
0.008,14,384,slow,270.0,2.16,33750.0,0.08903838938406929
0.008,14,384,slow,272.5,2.18,34062.5,0.08706686283874987
0.008,14,384,slow,275.0,2.2,34375.0,0.08513899069550278
0.008,14,384,slow,277.5,2.22,34687.5,0.08325380633857206
0.008,14,384,slow,280.0,2.24,35000.0,0.08141036455555198
0.008,14,384,slow,282.5,2.2600000000000002,35312.5,0.07960774106345074
0.008,14,384,slow,285.0,2.2800000000000002,35625.0,0.07784503204524988
0.008,14,384,slow,287.5,2.3000000000000003,35937.5,0.07612135369672662
0.008,14,384,slow,290.0,2.32,36250.0,0.07443584178331199
0.008,14,384,slow,292.5,2.34,36562.5,0.0727876512067624
0.008,14,384,slow,295.0,2.36,36875.0,0.07117595558142671
0.008,14,384,slow,297.5,2.38,37187.5,0.06959994681989745
0.008,14,384,slow,300.0,2.4,37500.0,0.06805883472783664
0.008,14,384,slow,302.5,2.42,37812.5,0.06655184660777427
0.008,14,384,slow,305.0,2.44,38125.0,0.06507822687168047
0.008,14,384,slow,307.5,2.46,38437.5,0.06363723666211622
0.008,14,384,slow,310.0,2.48,38750.0,0.06222815348177371
0.008,14,384,slow,312.5,2.5,39062.5,0.06085027083121989
0.008,14,384,slow,315.0,2.52,39375.0,0.05950289785466131
0.008,14,384,slow,317.5,2.54,39687.5,0.058185358993553475
0.008,14,384,slow,320.0,2.56,40000.0,0.05689699364788001
0.008,14,384,slow,322.5,2.58,40312.5,0.05563715584493229
0.008,14,384,slow,325.0,2.6,40625.0,0.05440521391542349
0.008,14,384,slow,327.5,2.62,40937.5,0.05320055017677434
0.008,14,384,slow,330.0,2.64,41250.0,0.05202256062341173
0.008,14,384,slow,332.5,2.66,41562.5,0.05087065462392549
0.008,14,384,slow,335.0,2.68,41875.0,0.04974425462493047
0.008,14,384,slow,337.5,2.7,42187.5,0.04864279586148633
0.008,14,384,slow,340.0,2.72,42500.0,0.047565726073929365
0.008,14,384,slow,342.5,2.74,42812.5,0.046512505230974284
0.008,14,384,slow,345.0,2.7600000000000002,43125.0,0.0454826052589476
0.008,14,384,slow,347.5,2.7800000000000002,43437.5,0.044475509777016364
0.008,14,384,slow,350.0,2.8000000000000003,43750.0,0.043490713838279474
0.008,14,384,slow,352.5,2.82,44062.5,0.04252772367659235
0.008,14,384,slow,355.0,2.84,44375.0,0.04158605645899712
0.008,14,384,slow,357.5,2.86,44687.5,0.040665240043635045
0.008,14,384,slow,360.0,2.88,45000.0,0.039764812743019115
0.008,14,384,slow,362.5,2.9,45312.5,0.03888432309254851
0.008,14,384,slow,365.0,2.92,45625.0,0.038023329624148824
0.008,14,384,slow,367.5,2.94,45937.5,0.03718140064492438
0.008,14,384,slow,370.0,2.96,46250.0,0.0363581140207117
0.008,14,384,slow,372.5,2.98,46562.5,0.035553056964425865
0.008,14,384,slow,375.0,3.0,46875.0,0.034765825829093135
0.008,14,384,slow,377.5,3.02,47187.5,0.03399602590546665
0.008,14,384,slow,380.0,3.04,47500.0,0.0332432712241232
0.008,14,384,slow,382.5,3.06,47812.5,0.0325071843619421
0.008,14,384,slow,385.0,3.08,48125.0,0.0317873962528693
0.008,14,384,slow,387.5,3.1,48437.5,0.03108354600287141
0.008,14,384,slow,390.0,3.12,48750.0,0.030395280708987175
0.008,14,384,slow,392.5,3.14,49062.5,0.029722255282385743
0.008,14,384,slow,395.0,3.16,49375.0,0.02906413227534261
0.008,14,384,slow,397.5,3.18,49687.5,0.028420581712046995
0.008,14,384,slow,400.0,3.2,50000.0,0.02779128092315541
0.008,14,384,slow,402.5,3.22,50312.5,0.02717591438400861
0.008,14,384,slow,405.0,3.24,50625.0,0.026574173556430932
0.008,14,384,slow,407.5,3.2600000000000002,50937.5,0.0259857567340325
0.008,14,384,slow,410.0,3.2800000000000002,51250.0,0.025410368890936817
0.008,14,384,slow,412.5,3.3000000000000003,51562.5,0.024847721533857964
0.008,14,384,slow,415.0,3.3200000000000003,51875.0,0.024297532557453077
0.008,14,384,slow,417.5,3.34,52187.5,0.023759526102877796
0.008,14,384,slow,420.0,3.36,52500.0,0.02323343241947355
0.008,14,384,slow,422.5,3.38,52812.5,0.02271898772951741
0.008,14,384,slow,425.0,3.4,53125.0,0.022215934095966818
0.008,14,384,slow,427.5,3.42,53437.5,0.02172401929313268
0.008,14,384,slow,430.0,3.44,53750.0,0.021242996680216068
0.008,14,384,slow,432.5,3.46,54062.5,0.02077262507764522
0.008,14,384,slow,435.0,3.48,54375.0,0.02031266864615061
0.008,14,384,slow,437.5,3.5,54687.5,0.019862896768517737
0.008,14,384,slow,440.0,3.52,55000.0,0.019423083933958075
0.008,14,384,slow,442.5,3.54,55312.5,0.018993009625040344
0.008,14,384,slow,445.0,3.56,55625.0,0.018572458207125518
0.008,14,384,slow,447.5,3.58,55937.5,0.01816121882024987
0.008,14,384,slow,450.0,3.6,56250.0,0.01775908527340203
0.008,14,384,slow,452.5,3.62,56562.5,0.017365855941141057
0.008,14,384,slow,455.0,3.64,56875.0,0.01698133366250362
0.008,14,384,slow,457.5,3.66,57187.5,0.016605325642149536
0.008,14,384,slow,460.0,3.68,57500.0,0.016237643353696304
0.008,14,384,slow,462.5,3.7,57812.5,0.015878102445194022
0.008,14,384,slow,465.0,3.72,58125.0,0.015526522646693219
0.008,14,384,slow,467.5,3.74,58437.5,0.015182727679859497
0.008,14,384,slow,470.0,3.7600000000000002,58750.0,0.014846545169589475
0.008,14,384,slow,472.5,3.7800000000000002,59062.5,0.014517806557583694
0.008,14,384,slow,475.0,3.8000000000000003,59375.0,0.01419634701783335
0.008,14,384,slow,477.5,3.8200000000000003,59687.5,0.013882005373978311
0.008,14,384,slow,480.0,3.84,60000.0,0.01357462401849497
0.008,14,384,slow,482.5,3.86,60312.5,0.013274048833673552
0.008,14,384,slow,485.0,3.88,60625.0,0.012980129114345174
0.008,14,384,slow,487.5,3.9,60937.5,0.012692717492319837
0.008,14,384,slow,490.0,3.92,61250.0,0.012411669862497638
0.008,14,384,slow,492.5,3.94,61562.5,0.012136845310615997
0.008,14,384,slow,495.0,3.96,61875.0,0.011868106042596796
0.008,14,384,slow,497.5,3.98,62187.5,0.011605317315457856
0.008,14,384,slow,500.0,4.0,62500.0,0.011348347369754283
0.008,14,384,fast,0.0,0.0,0.0,0.9999999999999988
0.008,14,384,fast,0.00016,1.28e-06,0.02,0.9999941879989002
0.008,14,384,fast,0.00032,2.56e-06,0.04,0.999988689428392
0.008,14,384,fast,0.00048,3.8400000000000005e-06,0.06,0.9999834777405583
0.008,14,384,fast,0.00064,5.12e-06,0.08,0.9999785290472873
0.008,14,384,fast,0.0008,6.4000000000000006e-06,0.1,0.9999738217979476
0.008,14,384,fast,0.00096,7.680000000000001e-06,0.12,0.9999693365049768
0.008,14,384,fast,0.0011200000000000001,8.96e-06,0.14,0.9999650555088593
0.008,14,384,fast,0.00128,1.024e-05,0.16,0.9999609627756887
0.008,14,384,fast,0.0014399999999999999,1.152e-05,0.18,0.999957043721864
0.008,14,384,fast,0.0016,1.2800000000000001e-05,0.2,0.9999532850615158
0.008,14,384,fast,0.00176,1.408e-05,0.22,0.999949674673096
0.008,14,384,fast,0.00192,1.5360000000000002e-05,0.24,0.9999462014822242
0.008,14,384,fast,0.0020800000000000003,1.6640000000000003e-05,0.26,0.9999428553583937
0.008,14,384,fast,0.0022400000000000002,1.792e-05,0.28,0.9999396270235764
0.008,14,384,fast,0.0024,1.92e-05,0.3,0.9999365079710784
0.008,14,384,fast,0.00256,2.048e-05,0.32,0.9999334903932857
0.008,14,384,fast,0.00272,2.1760000000000002e-05,0.34,0.9999305671171455
0.008,14,384,fast,0.0028799999999999997,2.304e-05,0.36,0.9999277315464095
0.008,14,384,fast,0.00304,2.432e-05,0.38,0.9999249776098181
0.008,14,384,fast,0.0032,2.5600000000000002e-05,0.4,0.9999222997145111
0.008,14,384,fast,0.00336,2.688e-05,0.42,0.9999196927040628
0.008,14,384,fast,0.00352,2.816e-05,0.44,0.9999171518206172
0.008,14,384,fast,0.00368,2.9440000000000003e-05,0.46,0.9999146726706654
0.008,14,384,fast,0.00384,3.0720000000000004e-05,0.48,0.9999122511940722
0.008,14,384,fast,0.004,3.2e-05,0.5,0.9999098836360057
0.008,14,384,fast,0.0041600000000000005,3.328000000000001e-05,0.52,0.9999075665214644
0.008,14,384,fast,0.00432,3.456e-05,0.54,0.9999052966321365
0.008,14,384,fast,0.0044800000000000005,3.584e-05,0.56,0.9999030709853545
0.008,14,384,fast,0.00464,3.7120000000000004e-05,0.58,0.9999008868149359
0.008,14,384,fast,0.0048,3.84e-05,0.6,0.9998987415537236
0.008,14,384,fast,0.00496,3.968e-05,0.62,0.9998966328176648
0.008,14,384,fast,0.00512,4.096e-05,0.64,0.9998945583912742
0.008,14,384,fast,0.00528,4.224e-05,0.66,0.999892516214356
0.008,14,384,fast,0.00544,4.3520000000000003e-05,0.68,0.9998905043698646
0.008,14,384,fast,0.005600000000000001,4.4800000000000005e-05,0.7000000000000001,0.9998885210727966
0.008,14,384,fast,0.0057599999999999995,4.608e-05,0.72,0.9998865646600225
0.008,14,384,fast,0.00592,4.736e-05,0.74,0.9998846335809685
0.008,14,384,fast,0.00608,4.864e-05,0.76,0.9998827263890753
0.008,14,384,fast,0.006240000000000001,4.992000000000001e-05,0.78,0.9998808417339629
0.008,14,384,fast,0.0064,5.1200000000000004e-05,0.8,0.9998789783542361
0.008,14,384,fast,0.006560000000000001,5.2480000000000006e-05,0.8200000000000001,0.9998771350708804
0.008,14,384,fast,0.00672,5.376e-05,0.84,0.9998753107811883
0.008,14,384,fast,0.00688,5.504e-05,0.86,0.9998735044531774
0.008,14,384,fast,0.00704,5.632e-05,0.88,0.9998717151204543
0.008,14,384,fast,0.007200000000000001,5.7600000000000004e-05,0.9,0.9998699418774855
0.008,14,384,fast,0.00736,5.8880000000000005e-05,0.92,0.9998681838752425
0.008,14,384,fast,0.007520000000000001,6.016000000000001e-05,0.9400000000000001,0.9998664403171885
0.008,14,384,fast,0.00768,6.144000000000001e-05,0.96,0.9998647104555777
0.008,14,384,fast,0.00784,6.272e-05,0.98,0.9998629935880416
0.008,14,384,fast,0.008,6.4e-05,1.0,0.9998612890544384
0.008,14,384,fast,0.00816,6.528000000000001e-05,1.02,0.9998595962339436
0.008,14,384,fast,0.008320000000000001,6.656000000000001e-05,1.04,0.9998579145423617
0.008,14,384,fast,0.008480000000000001,6.784000000000001e-05,1.06,0.9998562434296412
0.008,14,384,fast,0.00864,6.912e-05,1.08,0.9998545823775762
0.008,14,384,fast,0.0088,7.04e-05,1.1,0.9998529308976815
0.008,14,384,fast,0.008960000000000001,7.168e-05,1.12,0.9998512885292221
0.008,14,384,fast,0.009120000000000001,7.296e-05,1.1400000000000001,0.9998496548373913
0.008,14,384,fast,0.00928,7.424000000000001e-05,1.16,0.9998480294116201
0.008,14,384,fast,0.00944,7.552000000000001e-05,1.18,0.9998464118640114
0.008,14,384,fast,0.0096,7.68e-05,1.2,0.9998448018278863
0.008,14,384,fast,0.00976,7.808e-05,1.22,0.9998431989564358
0.008,14,384,fast,0.00992,7.936e-05,1.24,0.9998416029214688
0.008,14,384,fast,0.01008,8.064e-05,1.26,0.9998400134122477
0.008,14,384,fast,0.01024,8.192e-05,1.28,0.9998384301344087
0.008,14,384,fast,0.010400000000000001,8.320000000000002e-05,1.3,0.999836852808955
0.008,14,384,fast,0.01056,8.448e-05,1.32,0.9998352811713211
0.008,14,384,fast,0.01072,8.576e-05,1.34,0.999833714970504
0.008,14,384,fast,0.01088,8.704000000000001e-05,1.36,0.999832153968249
0.008,14,384,fast,0.011040000000000001,8.832000000000001e-05,1.3800000000000001,0.9998305979382957
0.008,14,384,fast,0.011200000000000002,8.960000000000001e-05,1.4000000000000001,0.9998290466656733
0.008,14,384,fast,0.01136,9.088000000000001e-05,1.42,0.9998274999460425
0.008,14,384,fast,0.011519999999999999,9.216e-05,1.44,0.9998259575850823
0.008,14,384,fast,0.01168,9.344e-05,1.46,0.9998244193979172
0.008,14,384,fast,0.01184,9.472e-05,1.48,0.9998228852085819
0.008,14,384,fast,0.012,9.6e-05,1.5,0.99982135484952
0.008,14,384,fast,0.01216,9.728e-05,1.52,0.999819828161118
0.008,14,384,fast,0.012320000000000001,9.856e-05,1.54,0.9998183049912656
0.008,14,384,fast,0.012480000000000002,9.984000000000002e-05,1.56,0.9998167851949459
0.008,14,384,fast,0.01264,0.00010112000000000001,1.58,0.9998152686338522
0.008,14,384,fast,0.0128,0.00010240000000000001,1.6,0.999813755176027
0.008,14,384,fast,0.012960000000000001,0.00010368000000000001,1.62,0.999812244695525
0.008,14,384,fast,0.013120000000000001,0.00010496000000000001,1.6400000000000001,0.9998107370720958
0.008,14,384,fast,0.013280000000000002,0.00010624000000000001,1.6600000000000001,0.9998092321908865
0.008,14,384,fast,0.01344,0.00010752,1.68,0.9998077299421632
0.008,14,384,fast,0.0136,0.0001088,1.7,0.9998062302210468
0.008,14,384,fast,0.01376,0.00011008,1.72,0.9998047329272679
0.008,14,384,fast,0.01392,0.00011136,1.74,0.9998032379649332
0.008,14,384,fast,0.01408,0.00011264,1.76,0.9998017452423067
0.008,14,384,fast,0.014240000000000001,0.00011392000000000001,1.78,0.9998002546716053
0.008,14,384,fast,0.014400000000000001,0.00011520000000000001,1.8,0.9997987661688028
0.008,14,384,fast,0.01456,0.00011648,1.82,0.9997972796534481
0.008,14,384,fast,0.01472,0.00011776000000000001,1.84,0.9997957950484921
0.008,14,384,fast,0.01488,0.00011904000000000001,1.86,0.9997943122801249
0.008,14,384,fast,0.015040000000000001,0.00012032000000000001,1.8800000000000001,0.9997928312776222
0.008,14,384,fast,0.015200000000000002,0.00012160000000000001,1.9000000000000001,0.9997913519731988
0.008,14,384,fast,0.01536,0.00012288000000000002,1.92,0.9997898743018723
0.008,14,384,fast,0.015519999999999999,0.00012416,1.94,0.999788398201333
0.008,14,384,fast,0.01568,0.00012544,1.96,0.9997869236118204
0.008,14,384,fast,0.01584,0.00012672,1.98,0.9997854504760066
0.008,14,384,fast,0.016,0.000128,2.0,0.9997839787388871
0.008,14,384,fast,0.01616,0.00012928,2.02,0.9997825083476748
0.008,14,384,fast,0.01632,0.00013056000000000002,2.04,0.9997810392517018
0.008,14,384,fast,0.01648,0.00013184,2.06,0.9997795714023247
0.008,14,384,fast,0.016640000000000002,0.00013312000000000003,2.08,0.9997781047528361
0.008,14,384,fast,0.016800000000000002,0.00013440000000000001,2.1,0.99977663925838
0.008,14,384,fast,0.016960000000000003,0.00013568000000000003,2.12,0.99977517487587
0.008,14,384,fast,0.01712,0.00013696,2.14,0.9997737115639139
0.008,14,384,fast,0.01728,0.00013824,2.16,0.999772249282741
0.008,14,384,fast,0.01744,0.00013952000000000002,2.18,0.9997707879941322
0.008,14,384,fast,0.0176,0.0001408,2.2,0.999769327661355
0.008,14,384,fast,0.01776,0.00014208000000000002,2.22,0.9997678682491002
0.008,14,384,fast,0.017920000000000002,0.00014336,2.24,0.9997664097234226
0.008,14,384,fast,0.018080000000000002,0.00014464000000000002,2.2600000000000002,0.9997649520516839
0.008,14,384,fast,0.018240000000000003,0.00014592,2.2800000000000002,0.9997634952024987
0.008,14,384,fast,0.018400000000000003,0.00014720000000000003,2.3000000000000003,0.9997620391456831
0.008,14,384,fast,0.01856,0.00014848000000000001,2.32,0.9997605838522043
0.008,14,384,fast,0.01872,0.00014976,2.34,0.999759129294135
0.008,14,384,fast,0.01888,0.00015104000000000002,2.36,0.9997576754446075
0.008,14,384,fast,0.019039999999999998,0.00015231999999999998,2.38,0.9997562222777716
0.008,14,384,fast,0.0192,0.0001536,2.4,0.9997547697687531
0.008,14,384,fast,0.01936,0.00015487999999999998,2.42,0.9997533178936147
0.008,14,384,fast,0.01952,0.00015616,2.44,0.9997518666293187
0.008,14,384,fast,0.01968,0.00015744,2.46,0.9997504159536922
0.008,14,384,fast,0.01984,0.00015872,2.48,0.9997489658453907
0.008,14,384,fast,0.02,0.00016,2.5,0.9997475162838683
0.008,14,384,fast,0.02016,0.00016128,2.52,0.9997460672493438
0.008,14,384,fast,0.02032,0.00016256000000000002,2.54,0.9997446187227716
0.008,14,384,fast,0.02048,0.00016384,2.56,0.9997431706858145
0.008,14,384,fast,0.020640000000000002,0.00016512000000000002,2.58,0.9997417231208142
0.008,14,384,fast,0.020800000000000003,0.00016640000000000003,2.6,0.9997402760107654
0.008,14,384,fast,0.020960000000000003,0.00016768000000000002,2.62,0.9997388293392918
0.008,14,384,fast,0.02112,0.00016896,2.64,0.9997373830906208
0.008,14,384,fast,0.02128,0.00017024,2.66,0.9997359372495601
0.008,14,384,fast,0.02144,0.00017152,2.68,0.9997344918014769
0.008,14,384,fast,0.0216,0.00017280000000000003,2.7,0.9997330467322753
0.008,14,384,fast,0.02176,0.00017408000000000001,2.72,0.9997316020283764
0.008,14,384,fast,0.021920000000000002,0.00017536000000000003,2.74,0.9997301576766986
0.008,14,384,fast,0.022080000000000002,0.00017664000000000002,2.7600000000000002,0.9997287136646387
0.008,14,384,fast,0.022240000000000003,0.00017792000000000003,2.7800000000000002,0.9997272699800541
0.008,14,384,fast,0.022400000000000003,0.00017920000000000002,2.8000000000000003,0.9997258266112453
0.008,14,384,fast,0.02256,0.00018048,2.82,0.9997243835469392
0.008,14,384,fast,0.02272,0.00018176000000000002,2.84,0.9997229407762733
0.008,14,384,fast,0.02288,0.00018304,2.86,0.9997214982887799
0.008,14,384,fast,0.023039999999999998,0.00018432,2.88,0.9997200560743723
0.008,14,384,fast,0.0232,0.00018559999999999998,2.9,0.9997186141233293
0.008,14,384,fast,0.02336,0.00018688,2.92,0.9997171724262828
0.008,14,384,fast,0.02352,0.00018816,2.94,0.9997157309742041
0.008,14,384,fast,0.02368,0.00018944,2.96,0.9997142897583915
0.008,14,384,fast,0.02384,0.00019072000000000002,2.98,0.9997128487704579
0.008,14,384,fast,0.024,0.000192,3.0,0.9997114080023197
0.008,14,384,fast,0.02416,0.00019328000000000002,3.02,0.9997099674461851
0.008,14,384,fast,0.02432,0.00019456,3.04,0.9997085270945442
0.008,14,384,fast,0.024480000000000002,0.00019584000000000002,3.06,0.9997070869401571
0.008,14,384,fast,0.024640000000000002,0.00019712,3.08,0.9997056469760456
0.008,14,384,fast,0.024800000000000003,0.00019840000000000002,3.1,0.9997042071954825
0.008,14,384,fast,0.024960000000000003,0.00019968000000000004,3.12,0.9997027675919836
0.008,14,384,fast,0.02512,0.00020096,3.14,0.9997013281592971
0.008,14,384,fast,0.02528,0.00020224000000000002,3.16,0.9996998888913968
0.008,14,384,fast,0.02544,0.00020352,3.18,0.9996984497824728
0.008,14,384,fast,0.0256,0.00020480000000000002,3.2,0.9996970108269237
0.008,14,384,fast,0.02576,0.00020608,3.22,0.9996955720193499
0.008,14,384,fast,0.025920000000000002,0.00020736000000000002,3.24,0.9996941333545454
0.008,14,384,fast,0.026080000000000002,0.00020864000000000004,3.2600000000000002,0.9996926948274906
0.008,14,384,fast,0.026240000000000003,0.00020992000000000002,3.2800000000000002,0.9996912564333466
0.008,14,384,fast,0.026400000000000003,0.00021120000000000004,3.3000000000000003,0.9996898181674472
0.008,14,384,fast,0.026560000000000004,0.00021248000000000003,3.3200000000000003,0.9996883800252941
0.008,14,384,fast,0.02672,0.00021376,3.34,0.9996869420025498
0.008,14,384,fast,0.02688,0.00021504,3.36,0.9996855040950323
0.008,14,384,fast,0.027039999999999998,0.00021632,3.38,0.9996840662987092
0.008,14,384,fast,0.0272,0.0002176,3.4,0.9996826286096921
0.008,14,384,fast,0.02736,0.00021888,3.42,0.9996811910242326
0.008,14,384,fast,0.02752,0.00022016,3.44,0.999679753538715
0.008,14,384,fast,0.02768,0.00022144,3.46,0.9996783161496543
0.008,14,384,fast,0.02784,0.00022272,3.48,0.9996768788536889
0.008,14,384,fast,0.028,0.000224,3.5,0.999675441647578
0.008,14,384,fast,0.02816,0.00022528,3.52,0.9996740045281964
0.008,14,384,fast,0.02832,0.00022656000000000003,3.54,0.9996725674925304
0.008,14,384,fast,0.028480000000000002,0.00022784000000000001,3.56,0.999671130537674
0.008,14,384,fast,0.028640000000000002,0.00022912000000000003,3.58,0.9996696936608248
0.008,14,384,fast,0.028800000000000003,0.00023040000000000002,3.6,0.9996682568592806
0.008,14,384,fast,0.028960000000000003,0.00023168000000000003,3.62,0.9996668201304357
0.008,14,384,fast,0.02912,0.00023296,3.64,0.9996653834717769
0.008,14,384,fast,0.02928,0.00023424,3.66,0.999663946880881
0.008,14,384,fast,0.02944,0.00023552000000000002,3.68,0.9996625103554114
0.008,14,384,fast,0.0296,0.0002368,3.7,0.9996610738931144
0.008,14,384,fast,0.02976,0.00023808000000000002,3.72,0.9996596374918165
0.008,14,384,fast,0.029920000000000002,0.00023936,3.74,0.9996582011494224
0.008,14,384,fast,0.030080000000000003,0.00024064000000000003,3.7600000000000002,0.9996567648639106
0.008,14,384,fast,0.030240000000000003,0.00024192000000000004,3.7800000000000002,0.9996553286333324
0.008,14,384,fast,0.030400000000000003,0.00024320000000000003,3.8000000000000003,0.999653892455808
0.008,14,384,fast,0.030560000000000004,0.00024448000000000004,3.8200000000000003,0.9996524563295248
0.008,14,384,fast,0.03072,0.00024576000000000003,3.84,0.9996510202527348
0.008,14,384,fast,0.03088,0.00024704,3.86,0.9996495842237518
0.008,14,384,fast,0.031039999999999998,0.00024832,3.88,0.9996481482409502
0.008,14,384,fast,0.0312,0.0002496,3.9,0.999646712302762
0.008,14,384,fast,0.03136,0.00025088,3.92,0.9996452764076749
0.008,14,384,fast,0.03152,0.00025216,3.94,0.9996438405542311
0.008,14,384,fast,0.03168,0.00025344,3.96,0.9996424047410237
0.008,14,384,fast,0.03184,0.00025472,3.98,0.9996409689666963
0.008,14,384,fast,0.032,0.000256,4.0,0.9996395332299411
0.008,14,384,long_tail,502.49999999999994,4.02,62812.49999999999,0.011097067363515718
0.008,14,384,long_tail,512.2138871749867,4.097711097399894,64026.73589687333,0.01017240255099178
0.008,14,384,long_tail,522.1155546565375,4.1769244372523,65264.444332067185,0.009309115819805733
0.008,14,384,long_tail,532.2086324480584,4.257669059584468,66526.07905600731,0.008504500070674088
0.008,14,384,long_tail,542.4968207249827,4.339974565799862,67812.10259062285,0.007755864475599282
0.008,14,384,long_tail,552.9838911912746,4.4238711295301965,69122.98639890931,0.007060541831605192
0.008,14,384,long_tail,563.6736884621546,4.509389507697237,70459.21105776932,0.006415895632706885
0.008,14,384,long_tail,574.5701314735577,4.596561051788462,71821.26643419471,0.005819326824535085
0.008,14,384,long_tail,585.6772149188342,4.685417719350674,73209.65186485428,0.0052682802084577
0.008,14,384,long_tail,596.9990107132264,4.775992085705812,74624.8763391533,0.004760250464767055
0.008,14,384,long_tail,608.5396694866535,4.868317355893228,76067.45868583168,0.0042927877675120844
0.008,14,384,long_tail,620.3034221053542,4.962427376842834,77537.92776316928,0.0038635029668182917
0.008,14,384,long_tail,632.2945812229456,5.058356649783565,79036.8226528682,0.0034700723180245883
0.008,14,384,long_tail,644.5175428614634,5.156140342891708,80564.69285768292,0.003110241740638753
0.008,14,384,long_tail,656.976788022968,5.255814304183744,82122.098502871,0.002781830593933387
0.008,14,384,long_tail,669.6768843323022,5.357415074658418,83709.61054153777,0.002482734959930555
0.008,14,384,long_tail,682.622487711607,5.460979901692856,85327.81096395088,0.0022109304285120816
0.008,14,384,long_tail,695.8183440872077,5.566546752697662,86977.29301090096,0.0019644743833984258
0.008,14,384,long_tail,709.269291129495,5.67415432903596,88658.66139118686,0.0017415077917165675
0.008,14,384,long_tail,722.9802600264399,5.783842080211519,90372.53250330497,0.0015402565037797294
0.008,14,384,long_tail,736.9562772913941,5.895650218331153,92119.53466142426,0.0013590320734838486
0.008,14,384,long_tail,751.2024666058356,6.009619732846685,93900.30832572945,0.0011962321133431385
0.008,14,384,long_tail,765.7240506977382,6.1257924055819055,95715.50633721727,0.0010503402015974179
0.008,14,384,long_tail,780.5263532562489,6.244210826049991,97565.79415703111,0.0009199253619880108
0.008,14,384,long_tail,795.6148008833836,6.364918407067069,99451.85011042295,0.0008036411396804259
0.008,14,384,long_tail,810.994925083445,6.48795940066756,101374.36563543061,0.0007002242993794603
0.008,14,384,long_tail,826.6723642909026,6.613378914327221,103334.04553636281,0.0006084931739076746
0.008,14,384,long_tail,842.6528659374727,6.7412229274997815,105331.60824218408,0.0005273456933801535
0.008,14,384,long_tail,858.942288559156,6.871538308473249,107367.7860698945,0.000455757126589745
0.008,14,384,long_tail,875.5466039440091,7.0043728315520735,109443.32549300113,0.00039277756730730375
0.008,14,384,long_tail,892.471899321432,7.139775194571456,111558.987415179,0.0003375291988960294
0.008,14,384,long_tail,909.7243795937796,7.277795036750237,113715.54744922246,0.000289203370939102
0.008,14,384,long_tail,927.3103696111106,7.418482956888885,115913.79620138882,0.0002470575214931857
0.008,14,384,long_tail,945.2363164899122,7.561890531919297,118154.53956123901,0.00021041197812011897
0.008,14,384,long_tail,963.5087919766445,7.708070335813156,120438.59899708055,0.00017864667003438138
0.008,14,384,long_tail,982.1344948569811,7.857075958855849,122766.81185712264,0.0001511977825586481
0.008,14,384,long_tail,1001.1202534116148,8.008962027292919,125140.03167645185,0.0001275543836328831
0.008,14,384,long_tail,1020.4730279195444,8.163784223356355,127559.12848994305,0.00010725505040651452
0.008,14,384,long_tail,1040.1999132097487,8.32159930567799,130024.98915121859,8.988452199465054e-05
0.008,14,384,long_tail,1060.3081412621877,8.482465130097502,132538.51765777345,7.50704023365262e-05
0.008,14,384,long_tail,1080.8050838590852,8.646440670872682,135100.63548238564,6.247993479797902e-05
0.008,14,384,long_tail,1101.698255287462,8.813586042299695,137712.28191093274,5.181686775107209e-05
0.008,14,384,long_tail,1122.9953150939143,8.983962520751314,140374.41438673928,4.2818427884487786e-05
0.008,14,384,long_tail,1144.7040708926427,9.15763256714114,143088.00886158034,3.525241548875502e-05
0.008,14,384,long_tail,1166.8324812277658,9.334659849822126,145854.06015347072,2.8914433459944233e-05
0.008,14,384,long_tail,1189.3886584909628,9.515109267927702,148673.58231137035,2.362525931117807e-05
0.008,14,384,long_tail,1212.3808718955202,9.699046975164162,151547.60898694003,1.9228367107209316e-05
0.008,14,384,long_tail,1235.8175505078689,9.88654040406295,154477.1938134836,1.5587603974069666e-05
0.008,14,384,long_tail,1259.7072863377239,10.077658290701791,157463.4107922155,1.2585023710069123e-05
0.008,14,384,long_tail,1284.05883748796,10.27247069990368,160507.354685995,1.0118878058683119e-05
0.008,14,384,long_tail,1308.881131365378,10.471049050923025,163610.14142067224,8.101764416032872e-06
0.008,14,384,long_tail,1334.1832679535426,10.67346614362834,166772.90849419282,6.4589271490760214e-06
0.008,14,384,long_tail,1359.9745231488773,10.879796185191019,169996.81539360966,5.126708304007392e-06
0.008,14,384,long_tail,1386.2643521612652,11.090114817290122,173283.04402015815,4.051142291964405e-06
0.008,14,384,long_tail,1413.062392980371,11.304499143842968,176632.79912254636,3.1866881509355482e-06
0.008,14,384,long_tail,1440.3784699089845,11.523027759271876,180047.30873862305,2.4950921948188686e-06
0.008,14,384,long_tail,1468.2225971646587,11.74578077731727,183527.82464558232,1.944373265387725e-06
0.008,14,384,long_tail,1496.6049825509742,11.972839860407793,187075.62281887178,1.5079223899054407e-06
0.008,14,384,long_tail,1525.536031199777,12.204288249598216,190692.00389997213,1.163708403137956e-06
0.008,14,384,long_tail,1555.0263493857506,12.440210795086005,194378.2936732188,8.935810023424182e-07
0.008,14,384,long_tail,1585.0867484147357,12.680693987317886,198135.84355184194,6.826627507595363e-07
0.008,14,384,long_tail,1615.7282485872076,12.925825988697662,201966.03107340095,5.188217115493872e-07
0.008,14,384,long_tail,1646.9620832383828,13.175696665907063,205870.26040479785,3.922166618751517e-07
0.008,14,384,long_tail,1678.799702856411,13.430397622851288,209849.96285705137,2.949071878856215e-07
0.008,14,384,long_tail,1711.2527792801889,13.69002223424151,213906.5974100236,2.205213780663612e-07
0.008,14,384,long_tail,1744.3332099783186,13.95466567982655,218041.65124728982,1.6397429805605278e-07
0.008,14,384,long_tail,1778.0531224107806,14.224424979286246,222256.64030134756,1.2123092894419441e-07
0.008,14,384,long_tail,1812.4248784749232,14.499399027799386,226553.10980936539,8.910776906413245e-08
0.008,14,384,long_tail,1847.4610790373997,14.779688632299198,230932.63487967497,6.51078237311582e-08
0.008,14,384,long_tail,1883.1745685537162,15.06539654842973,235396.82106921452,4.7284227295545185e-08
0.008,14,384,long_tail,1919.5784397770706,15.356627518216564,239947.3049721338,3.412824806668344e-08
0.008,14,384,long_tail,1956.6860385582277,15.653488308465821,244585.75481977846,2.447791162552761e-08
0.008,14,384,long_tail,1994.5109687381805,15.956087749905445,249313.87109227254,1.744393595647416e-08
0.008,14,384,long_tail,2033.0670971353877,16.2645367770831,254133.38714192345,1.2350098444334902e-08
0.008,14,384,long_tail,2072.3685586294205,16.578948469035364,259046.06982867754,8.685547283091489e-09
0.008,14,384,long_tail,2112.4297613428853,16.899438090743082,264053.7201678607,6.066926698303746e-09
0.008,14,384,long_tail,2153.2653919235195,17.226123135388157,269158.1739904399,4.208506172928911e-09
0.008,14,384,long_tail,2194.8904209283937,17.55912336742715,274361.3026160492,2.8987890980713393e-09
0.008,14,384,long_tail,2237.3201083121908,17.898560866497526,279665.0135390238,1.98232721161732e-09
0.008,14,384,long_tail,2280.5700090215914,18.24456007217273,285071.2511276989,1.3456856876151775e-09
0.008,14,384,long_tail,2324.6559786977996,18.597247829582397,290581.99733722495,9.066920692230062e-10
0.008,14,384,long_tail,2369.594179489301,18.956753435914408,296199.27243616263,6.062629474858383e-10
0.008,14,384,long_tail,2415.401085976991,19.323208687815928,301925.13574712386,4.022380772440455e-10
0.008,14,384,long_tail,2462.0934912138487,19.69674792971079,307761.6864017311,2.647652330844552e-10
0.008,14,384,long_tail,2509.688512881353,20.077508103050825,313711.06411016907,1.728732400883309e-10
0.008,14,384,long_tail,2558.2035995649157,20.465628796519326,319775.44994561444,1.1194784964383249e-10
0.008,14,384,long_tail,2607.6565371506244,20.861252297204995,325957.067143828,7.188788812711095e-11
0.008,14,384,long_tail,2658.0654553456457,21.264523642765166,332258.1819182057,4.576960457497068e-11
0.008,14,384,long_tail,2709.4488343246667,21.675590674597334,338681.10429058335,2.8887381524251224e-11
0.008,14,384,long_tail,2761.825511504824,22.094604092038594,345228.18893810303,1.8070721935761547e-11
0.008,14,384,long_tail,2815.214688451606,22.52171750761285,351901.83605645073,1.1202229056229056e-11
0.008,14,384,long_tail,2869.6359379182427,22.957087503345942,358704.4922397803,6.880482271555876e-12
0.008,14,384,long_tail,2925.1092110211794,23.400873688169437,365638.6513776474,4.18640454163301e-12
0.008,14,384,long_tail,2981.654844554262,23.8532387564341,372706.8555692828,2.522854948507327e-12
0.008,14,384,long_tail,3039.2935684443173,24.314348547554538,379911.69605553965,1.5055372717267364e-12
0.008,14,384,long_tail,3098.046513350848,24.78437210680678,387255.81416885596,8.89521992303397e-13
0.008,14,384,long_tail,3157.935218412643,25.263481747301142,394741.90230158035,5.202403516152717e-13
0.008,14,384,long_tail,3218.98163914414,25.75185311315312,402372.7048930175,3.0112592264135413e-13
0.008,14,384,long_tail,3281.2081554844403,26.249665243875523,410151.01943555503,1.7246539395834032e-13
0.008,14,384,long_tail,3344.6375800018986,26.75710064001519,418079.6975002373,9.771849339647142e-14
0.008,14,384,long_tail,3409.2931662573396,27.27434533005872,426161.64578216744,5.476235118403957e-14
0.008,14,384,long_tail,3475.1986173289356,27.801588938631486,434399.8271661169,3.034769677316344e-14
0.008,14,384,long_tail,3542.378094501879,28.339024756015032,442797.2618127348,1.6626993654945607e-14
0.008,14,384,long_tail,3610.8562261260313,28.88684980900825,451357.0282657539,9.00430656244289e-15
0.008,14,384,long_tail,3680.6581166448104,29.445264933158484,460082.2645806013,4.818786784443259e-15
0.008,14,384,long_tail,3751.809355798615,30.01447484638892,468976.16947482683,2.5478655517437405e-15
0.008,14,384,long_tail,3824.3360280061556,30.594688224049246,478042.00350076944,1.3306541711681875e-15
0.008,14,384,long_tail,3898.264721927128,31.186117775417024,487283.090240891,6.862784554647281e-16
0.008,14,384,long_tail,3973.622540209777,31.788980321678217,496702.81752622215,3.494431895244059e-16
0.008,14,384,long_tail,4050.437109426857,32.40349687541486,506304.6386783571,1.7562501953315583e-16
0.008,14,384,long_tail,4128.736590203679,33.02989272162943,516092.0737754599,8.710041848807647e-17
0.008,14,384,long_tail,4208.549687541944,33.66839750033555,526068.710942743,4.261539256665663e-17
0.008,14,384,long_tail,4289.905661343154,34.31924529074523,536238.2076678942,2.0564176702159597e-17
0.008,14,384,long_tail,4372.834337135442,34.98267469708354,546604.2921419303,9.784502039521564e-18
0.008,14,384,long_tail,4457.366117007767,35.65892893606213,557170.7646259709,4.589130840395121e-18
0.008,14,384,long_tail,4543.531990755472,36.34825592604378,567941.498844434,2.1211233256343424e-18
0.008,14,384,long_tail,4631.363547241327,37.05090837793062,578920.4434051659,9.658780453413988e-19
0.008,14,384,long_tail,4720.892985976153,37.767143887809226,590111.6232470191,4.3318590365144194e-19
0.008,14,384,long_tail,4812.1531289233335,38.49722503138667,601519.1411154167,1.9129090152625762e-19
0.008,14,384,long_tail,4905.177432531535,39.241419460252274,613147.1790664418,8.314806588986336e-20
0.008,14,384,long_tail,5000.0,40.0,625000.0,3.556437454229484e-20
0.008,14,1536,slow,0.0,0.0,0.0,0.9999999999999992
0.008,14,1536,slow,2.5,0.02,312.5,0.9777528860151563
0.008,14,1536,slow,5.0,0.04,625.0,0.9560740702687911
0.008,14,1536,slow,7.5,0.06,937.5,0.934878619863392
0.008,14,1536,slow,10.0,0.08,1250.0,0.9141554241266769
0.008,14,1536,slow,12.5,0.1,1562.5,0.8938936747030479
0.008,14,1536,slow,15.0,0.12,1875.0,0.8740828488754122
0.008,14,1536,slow,17.5,0.14,2187.5,0.8547126958164869
0.008,14,1536,slow,20.0,0.16,2500.0,0.8357732247730171
0.008,14,1536,slow,22.5,0.18,2812.5,0.8172546946364119
0.008,14,1536,slow,25.0,0.2,3125.0,0.7991476045680402
0.008,14,1536,slow,27.5,0.22,3437.5,0.781442685460967
0.008,14,1536,slow,30.0,0.24,3750.0,0.7641308920855727
0.008,14,1536,slow,32.5,0.26,4062.5,0.7472033958073689
0.008,14,1536,slow,35.0,0.28,4375.0,0.7306515777922654
0.008,14,1536,slow,37.5,0.3,4687.5,0.7144670226331707
0.008,14,1536,slow,40.0,0.32,5000.0,0.6986415123451482
0.008,14,1536,slow,42.5,0.34,5312.5,0.6831670206862125
0.008,14,1536,slow,45.0,0.36,5625.0,0.6680357077683367
0.008,14,1536,slow,47.5,0.38,5937.5,0.65323991492901
0.008,14,1536,slow,50.0,0.4,6250.0,0.6387721598382688
0.008,14,1536,slow,52.5,0.42,6562.5,0.6246251318197679
0.008,14,1536,slow,55.0,0.44,6875.0,0.6107916873674311
0.008,14,1536,slow,57.5,0.46,7187.5,0.5972648458416622
0.008,14,1536,slow,60.0,0.48,7500.0,0.5840377853311202
0.008,14,1536,slow,62.5,0.5,7812.5,0.5711038386677636
0.008,14,1536,slow,65.0,0.52,8125.0,0.5584564895843086
0.008,14,1536,slow,67.5,0.54,8437.5,0.5460893690044584
0.008,14,1536,slow,70.0,0.56,8750.0,0.5339962514573205
0.008,14,1536,slow,72.5,0.58,9062.5,0.5221710516083257
0.008,14,1536,slow,75.0,0.6,9375.0,0.5106078208997449
0.008,14,1536,slow,77.5,0.62,9687.5,0.4993007442945868
0.008,14,1536,slow,80.0,0.64,10000.0,0.4882441371182485
0.008,14,1536,slow,82.5,0.66,10312.5,0.4774324419928177
0.008,14,1536,slow,85.0,0.68,10625.0,0.466860225859387
0.008,14,1536,slow,87.5,0.7000000000000001,10937.5,0.4565221770841408
0.008,14,1536,slow,90.0,0.72,11250.0,0.44641310264434136
0.008,14,1536,slow,92.5,0.74,11562.5,0.4365279253906586
0.008,14,1536,slow,95.0,0.76,11875.0,0.42686168138256786
0.008,14,1536,slow,97.5,0.78,12187.5,0.4174095172938006
0.008,14,1536,slow,100.0,0.8,12500.0,0.408166687885053
0.008,14,1536,slow,102.5,0.8200000000000001,12812.5,0.39912855354136423
0.008,14,1536,slow,105.0,0.84,13125.0,0.3902905778717565
0.008,14,1536,slow,107.5,0.86,13437.5,0.3816483253688926
0.008,14,1536,slow,110.0,0.88,13750.0,0.37319745912665336
0.008,14,1536,slow,112.5,0.9,14062.5,0.36493373861367223
0.008,14,1536,slow,115.0,0.92,14375.0,0.3568530175009818
0.008,14,1536,slow,117.5,0.9400000000000001,14687.5,0.3489512415420372
0.008,14,1536,slow,120.0,0.96,15000.0,0.3412244465034797
0.008,14,1536,slow,122.5,0.98,15312.5,0.33366875614509295
0.008,14,1536,slow,125.0,1.0,15625.0,0.32628038024748696
0.008,14,1536,slow,127.5,1.02,15937.5,0.3190556126861177
0.008,14,1536,slow,130.0,1.04,16250.0,0.31199082955032176
0.008,14,1536,slow,132.5,1.06,16562.5,0.3050824873061012
0.008,14,1536,slow,135.0,1.08,16875.0,0.2983271210014613
0.008,14,1536,slow,137.5,1.1,17187.5,0.2917213425131451
0.008,14,1536,slow,140.0,1.12,17500.0,0.2852618388336676
0.008,14,1536,slow,142.5,1.1400000000000001,17812.5,0.27894537039758976
0.008,14,1536,slow,145.0,1.16,18125.0,0.2727687694460189
0.008,14,1536,slow,147.5,1.18,18437.5,0.2667289384283601
0.008,14,1536,slow,150.0,1.2,18750.0,0.26082284844037557
0.008,14,1536,slow,152.5,1.22,19062.5,0.2550475376976487
0.008,14,1536,slow,155.0,1.24,19375.0,0.24940011004357632
0.008,14,1536,slow,157.5,1.26,19687.5,0.24387773349104294
0.008,14,1536,slow,160.0,1.28,20000.0,0.23847763879696118
0.008,14,1536,slow,162.5,1.3,20312.5,0.233197118068885
0.008,14,1536,slow,165.0,1.32,20625.0,0.22803352340293
0.008,14,1536,slow,167.5,1.34,20937.5,0.22298426555225606
0.008,14,1536,slow,170.0,1.36,21250.0,0.21804681262539144
0.008,14,1536,slow,172.5,1.3800000000000001,21562.5,0.21321868881369777
0.008,14,1536,slow,175.0,1.4000000000000001,21875.0,0.20849747314729467
0.008,14,1536,slow,177.5,1.42,22187.5,0.20388079827878286
0.008,14,1536,slow,180.0,1.44,22500.0,0.19936634929412217
0.008,14,1536,slow,182.5,1.46,22812.5,0.19495186255003802
0.008,14,1536,slow,185.0,1.48,23125.0,0.1906351245373472
0.008,14,1536,slow,187.5,1.5,23437.5,0.18641397076960967
0.008,14,1536,slow,190.0,1.52,23750.0,0.18228628469652672
0.008,14,1536,slow,192.5,1.54,24062.5,0.1782499966415243
0.008,14,1536,slow,195.0,1.56,24375.0,0.1743030827629703
0.008,14,1536,slow,197.5,1.58,24687.5,0.1704435640384909
0.008,14,1536,slow,200.0,1.6,25000.0,0.16666950527186408
0.008,14,1536,slow,202.5,1.62,25312.5,0.16297901412197988
0.008,14,1536,slow,205.0,1.6400000000000001,25625.0,0.15937024015337056
0.008,14,1536,slow,207.5,1.6600000000000001,25937.5,0.15584137390782607
0.008,14,1536,slow,210.0,1.68,26250.0,0.15239064599661947
0.008,14,1536,slow,212.5,1.7,26562.5,0.14901632621288202
0.008,14,1536,slow,215.0,1.72,26875.0,0.1457167226636747
0.008,14,1536,slow,217.5,1.74,27187.5,0.14249018092131616
0.008,14,1536,slow,220.0,1.76,27500.0,0.13933508319353627
0.008,14,1536,slow,222.5,1.78,27812.5,0.1362498475120346
0.008,14,1536,slow,225.0,1.8,28125.0,0.1332329269390328
0.008,14,1536,slow,227.5,1.82,28437.5,0.13028280879142026
0.008,14,1536,slow,230.0,1.84,28750.0,0.12739801388209943
0.008,14,1536,slow,232.5,1.86,29062.5,0.12457709577814909
0.008,14,1536,slow,235.0,1.8800000000000001,29375.0,0.12181864007543011
0.008,14,1536,slow,237.5,1.9000000000000001,29687.5,0.11912126368926829
0.008,14,1536,slow,240.0,1.92,30000.0,0.1164836141608562
0.008,14,1536,slow,242.5,1.94,30312.5,0.11390436897902503
0.008,14,1536,slow,245.0,1.96,30625.0,0.11138223491704442
0.008,14,1536,slow,247.5,1.98,30937.5,0.10891594738411628
0.008,14,1536,slow,250.0,2.0,31250.0,0.10650426979123671
0.008,14,1536,slow,252.5,2.02,31562.5,0.10414599293110646
0.008,14,1536,slow,255.0,2.04,31875.0,0.10183993437177837
0.008,14,1536,slow,257.5,2.06,32187.5,0.09958493786373648
0.008,14,1536,slow,260.0,2.08,32500.0,0.09737987276010951
0.008,14,1536,slow,262.5,2.1,32812.5,0.09522363344972636
0.008,14,1536,slow,265.0,2.12,33125.0,0.09311513880272954
0.008,14,1536,slow,267.5,2.14,33437.5,0.09105333162846771
0.008,14,1536,slow,270.0,2.16,33750.0,0.08903717814539494
0.008,14,1536,slow,272.5,2.18,34062.5,0.08706566746271063
0.008,14,1536,slow,275.0,2.2,34375.0,0.08513781107347997
0.008,14,1536,slow,277.5,2.22,34687.5,0.08325264235897979
0.008,14,1536,slow,280.0,2.24,35000.0,0.08140921610402195
0.008,14,1536,slow,282.5,2.2600000000000002,35312.5,0.0796066080230102
0.008,14,1536,slow,285.0,2.2800000000000002,35625.0,0.07784391429649298
0.008,14,1536,slow,287.5,2.3000000000000003,35937.5,0.07612025111797951
0.008,14,1536,slow,290.0,2.32,36250.0,0.07443475425079182
0.008,14,1536,slow,292.5,2.34,36562.5,0.07278657859473028
0.008,14,1536,slow,295.0,2.36,36875.0,0.07117489776233525
0.008,14,1536,slow,297.5,2.38,37187.5,0.06959890366453224
0.008,14,1536,slow,300.0,2.4,37500.0,0.06805780610545271
0.008,14,1536,slow,302.5,2.42,37812.5,0.0665508323862273
0.008,14,1536,slow,305.0,2.44,38125.0,0.06507722691755272
0.008,14,1536,slow,307.5,2.46,38437.5,0.0636362508408378
0.008,14,1536,slow,310.0,2.48,38750.0,0.062227181657739015
0.008,14,1536,slow,312.5,2.5,39062.5,0.06084931286789936
0.008,14,1536,slow,315.0,2.52,39375.0,0.05950195361470897
0.008,14,1536,slow,317.5,2.54,39687.5,0.05818442833890992
0.008,14,1536,slow,320.0,2.56,40000.0,0.056896076439871344
0.008,14,1536,slow,322.5,2.58,40312.5,0.05563625194436508
0.008,14,1536,slow,325.0,2.6,40625.0,0.05440432318267577
0.008,14,1536,slow,327.5,2.62,40937.5,0.05319967247188272
0.008,14,1536,slow,330.0,2.64,41250.0,0.05202169580615514
0.008,14,1536,slow,332.5,2.66,41562.5,0.05086980255390507
0.008,14,1536,slow,335.0,2.68,41875.0,0.049743415161646265
0.008,14,1536,slow,337.5,2.7,42187.5,0.0486419688644106
0.008,14,1536,slow,340.0,2.72,42500.0,0.047564911402576626
0.008,14,1536,slow,342.5,2.74,42812.5,0.046511702744968464
0.008,14,1536,slow,345.0,2.7600000000000002,43125.0,0.04548181481808599
0.008,14,1536,slow,347.5,2.7800000000000002,43437.5,0.04447473124133073
0.008,14,1536,slow,350.0,2.8000000000000003,43750.0,0.04348994706809451
0.008,14,1536,slow,352.5,2.82,44062.5,0.042526968532581255
0.008,14,1536,slow,355.0,2.84,44375.0,0.04158531280223471
0.008,14,1536,slow,357.5,2.86,44687.5,0.040664507735648205
0.008,14,1536,slow,360.0,2.88,45000.0,0.03976409164583492
0.008,14,1536,slow,362.5,2.9,45312.5,0.03888361306874002
0.008,14,1536,slow,365.0,2.92,45625.0,0.038022630536878474
0.008,14,1536,slow,367.5,2.94,45937.5,0.03718071235798528
0.008,14,1536,slow,370.0,2.96,46250.0,0.03635743639856682
0.008,14,1536,slow,372.5,2.98,46562.5,0.03555238987224513
0.008,14,1536,slow,375.0,3.0,46875.0,0.03476516913278861
0.008,14,1536,slow,377.5,3.02,47187.5,0.03399537947172572
0.008,14,1536,slow,380.0,3.04,47500.0,0.03324263492043998
0.008,14,1536,slow,382.5,3.06,47812.5,0.03250655805664715
0.008,14,1536,slow,385.0,3.08,48125.0,0.031786779815157463
0.008,14,1536,slow,387.5,3.1,48437.5,0.031082939302828096
0.008,14,1536,slow,390.0,3.12,48750.0,0.03039468361761314
0.008,14,1536,slow,392.5,3.14,49062.5,0.029721667671620138
0.008,14,1536,slow,395.0,3.16,49375.0,0.029063554018084765
0.008,14,1536,slow,397.5,3.18,49687.5,0.028420012682176636
0.008,14,1536,slow,400.0,3.2,50000.0,0.027790720995551542
0.008,14,1536,slow,402.5,3.22,50312.5,0.027175363434567154
0.008,14,1536,slow,405.0,3.24,50625.0,0.026573631462080992
0.008,14,1536,slow,407.5,3.2600000000000002,50937.5,0.025985223372751463
0.008,14,1536,slow,410.0,3.2800000000000002,51250.0,0.025409844141764292
0.008,14,1536,slow,412.5,3.3000000000000003,51562.5,0.024847205276908542
0.008,14,1536,slow,415.0,3.3200000000000003,51875.0,0.024297024673928053
0.008,14,1536,slow,417.5,3.34,52187.5,0.02375902647507581
0.008,14,1536,slow,420.0,3.36,52500.0,0.023232940930800212
0.008,14,1536,slow,422.5,3.38,52812.5,0.022718504264494056
0.008,14,1536,slow,425.0,3.4,53125.0,0.0222154585402382
0.008,14,1536,slow,427.5,3.42,53437.5,0.021723551533473842
0.008,14,1536,slow,430.0,3.44,53750.0,0.021242536604538398
0.008,14,1536,slow,432.5,3.46,54062.5,0.020772172575001593
0.008,14,1536,slow,435.0,3.48,54375.0,0.02031222360673984
0.008,14,1536,slow,437.5,3.5,54687.5,0.019862459083688173
0.008,14,1536,slow,440.0,3.52,55000.0,0.01942265349621055
0.008,14,1536,slow,442.5,3.54,55312.5,0.018992586328030442
0.008,14,1536,slow,445.0,3.56,55625.0,0.018572041945665096
0.008,14,1536,slow,447.5,3.58,55937.5,0.018160809490307985
0.008,14,1536,slow,450.0,3.6,56250.0,0.01775868277210533
0.008,14,1536,slow,452.5,3.62,56562.5,0.017365460166773466
0.008,14,1536,slow,455.0,3.64,56875.0,0.016980944514505523
0.008,14,1536,slow,457.5,3.66,57187.5,0.01660494302111647
0.008,14,1536,slow,460.0,3.68,57500.0,0.016237267161377095
0.008,14,1536,slow,462.5,3.7,57812.5,0.01587773258448842
0.008,14,1536,slow,465.0,3.72,58125.0,0.015526159021649144
0.008,14,1536,slow,467.5,3.74,58437.5,0.015182370195669776
0.008,14,1536,slow,470.0,3.7600000000000002,58750.0,0.01484619373258817
0.008,14,1536,slow,472.5,3.7800000000000002,59062.5,0.014517461075242074
0.008,14,1536,slow,475.0,3.8000000000000003,59375.0,0.014196007398755449
0.008,14,1536,slow,477.5,3.8200000000000003,59687.5,0.013881671527896107
0.008,14,1536,slow,480.0,3.84,60000.0,0.013574295856263265
0.008,14,1536,slow,482.5,3.86,60312.5,0.01327372626726451
0.008,14,1536,slow,485.0,3.88,60625.0,0.012979812056842515
0.008,14,1536,slow,487.5,3.9,60937.5,0.012692405857912807
0.008,14,1536,slow,490.0,3.92,61250.0,0.012411363566474645
0.008,14,1536,slow,492.5,3.94,61562.5,0.01213654426935802
0.008,14,1536,slow,495.0,3.96,61875.0,0.011867810173570506
0.008,14,1536,slow,497.5,3.98,62187.5,0.011605026537208567
0.008,14,1536,slow,500.0,4.0,62500.0,0.011348061601898636
0.008,14,1536,fast,0.0,0.0,0.0,0.9999999999999992
0.008,14,1536,fast,0.00016,1.28e-06,0.02,0.9999941879266935
0.008,14,1536,fast,0.00032,2.56e-06,0.04,0.9999886892944386
0.008,14,1536,fast,0.00048,3.8400000000000005e-06,0.06,0.9999834775534944
0.008,14,1536,fast,0.00064,5.12e-06,0.08,0.9999785288142917
0.008,14,1536,fast,0.0008,6.4000000000000006e-06,0.1,0.9999738215250252
0.008,14,1536,fast,0.00096,7.680000000000001e-06,0.12,0.9999693361971786
0.008,14,1536,fast,0.0011200000000000001,8.96e-06,0.14,0.9999650551704528
0.008,14,1536,fast,0.00128,1.024e-05,0.16,0.9999609624102929
0.008,14,1536,fast,0.0014399999999999999,1.152e-05,0.18,0.9999570433325566
0.008,14,1536,fast,0.0016,1.2800000000000001e-05,0.2,0.9999532846509206
0.008,14,1536,fast,0.00176,1.408e-05,0.22,0.9999496742434532
0.008,14,1536,fast,0.00192,1.5360000000000002e-05,0.24,0.9999462010354475
0.008,14,1536,fast,0.0020800000000000003,1.6640000000000003e-05,0.26,0.9999428548961188
0.008,14,1536,fast,0.0022400000000000002,1.792e-05,0.28,0.9999396265472006
0.008,14,1536,fast,0.0024,1.92e-05,0.3,0.9999365074817946
0.008,14,1536,fast,0.00256,2.048e-05,0.32,0.9999334898921111
0.008,14,1536,fast,0.00272,2.1760000000000002e-05,0.34,0.9999305666049444
0.008,14,1536,fast,0.0028799999999999997,2.304e-05,0.36,0.9999277310239163
0.008,14,1536,fast,0.00304,2.432e-05,0.38,0.9999249770776528
0.008,14,1536,fast,0.0032,2.5600000000000002e-05,0.4,0.9999222991731962
0.008,14,1536,fast,0.00336,2.688e-05,0.42,0.9999196921540366
0.008,14,1536,fast,0.00352,2.816e-05,0.44,0.9999171512622446
0.008,14,1536,fast,0.00368,2.9440000000000003e-05,0.46,0.9999146721042486
0.008,14,1536,fast,0.00384,3.0720000000000004e-05,0.48,0.9999122506198588
0.008,14,1536,fast,0.004,3.2e-05,0.5,0.9999098830541966
0.008,14,1536,fast,0.0041600000000000005,3.328000000000001e-05,0.52,0.9999075659322204
0.008,14,1536,fast,0.00432,3.456e-05,0.54,0.9999052960355842
0.008,14,1536,fast,0.0044800000000000005,3.584e-05,0.56,0.9999030703815909
0.008,14,1536,fast,0.00464,3.7120000000000004e-05,0.58,0.9999008862040325
0.008,14,1536,fast,0.0048,3.84e-05,0.6,0.9998987409357317
0.008,14,1536,fast,0.00496,3.968e-05,0.62,0.9998966321926167
0.008,14,1536,fast,0.00512,4.096e-05,0.64,0.9998945577591875
0.008,14,1536,fast,0.00528,4.224e-05,0.66,0.9998925155752356
0.008,14,1536,fast,0.00544,4.3520000000000003e-05,0.68,0.9998905037237049
0.008,14,1536,fast,0.005600000000000001,4.4800000000000005e-05,0.7000000000000001,0.9998885204195839
0.008,14,1536,fast,0.0057599999999999995,4.608e-05,0.72,0.9998865639997353
0.008,14,1536,fast,0.00592,4.736e-05,0.74,0.9998846329135798
0.008,14,1536,fast,0.00608,4.864e-05,0.76,0.9998827257145544
0.008,14,1536,fast,0.006240000000000001,4.992000000000001e-05,0.78,0.9998808410522749
0.008,14,1536,fast,0.0064,5.1200000000000004e-05,0.8,0.9998789776653444
0.008,14,1536,fast,0.006560000000000001,5.2480000000000006e-05,0.8200000000000001,0.9998771343747456
0.008,14,1536,fast,0.00672,5.376e-05,0.84,0.9998753100777702
0.008,14,1536,fast,0.00688,5.504e-05,0.86,0.9998735037424354
0.008,14,1536,fast,0.00704,5.632e-05,0.88,0.9998717144023479
0.008,14,1536,fast,0.007200000000000001,5.7600000000000004e-05,0.9,0.9998699411519739
0.008,14,1536,fast,0.00736,5.8880000000000005e-05,0.92,0.9998681831422855
0.008,14,1536,fast,0.007520000000000001,6.016000000000001e-05,0.9400000000000001,0.999866439576747
0.008,14,1536,fast,0.00768,6.144000000000001e-05,0.96,0.9998647097076132
0.008,14,1536,fast,0.00784,6.272e-05,0.98,0.9998629928325168
0.008,14,1536,fast,0.008,6.4e-05,1.0,0.9998612882913174
0.008,14,1536,fast,0.00816,6.528000000000001e-05,1.02,0.9998595954631915
0.008,14,1536,fast,0.008320000000000001,6.656000000000001e-05,1.04,0.9998579137639454
0.008,14,1536,fast,0.008480000000000001,6.784000000000001e-05,1.06,0.9998562426435287
0.008,14,1536,fast,0.00864,6.912e-05,1.08,0.9998545815837379
0.008,14,1536,fast,0.0088,7.04e-05,1.1,0.9998529300960881
0.008,14,1536,fast,0.008960000000000001,7.168e-05,1.12,0.9998512877198462
0.008,14,1536,fast,0.009120000000000001,7.296e-05,1.1400000000000001,0.9998496540202073
0.008,14,1536,fast,0.00928,7.424000000000001e-05,1.16,0.9998480285866036
0.008,14,1536,fast,0.00944,7.552000000000001e-05,1.18,0.9998464110311395
0.008,14,1536,fast,0.0096,7.68e-05,1.2,0.9998448009871375
0.008,14,1536,fast,0.00976,7.808e-05,1.22,0.9998431981077898
0.008,14,1536,fast,0.00992,7.936e-05,1.24,0.9998416020649067
0.008,14,1536,fast,0.01008,8.064e-05,1.26,0.9998400125477519
0.008,14,1536,fast,0.01024,8.192e-05,1.28,0.9998384292619623
0.008,14,1536,fast,0.010400000000000001,8.320000000000002e-05,1.3,0.9998368519285427
0.008,14,1536,fast,0.01056,8.448e-05,1.32,0.9998352802829293
0.008,14,1536,fast,0.01072,8.576e-05,1.34,0.9998337140741189
0.008,14,1536,fast,0.01088,8.704000000000001e-05,1.36,0.999832153063858
0.008,14,1536,fast,0.011040000000000001,8.832000000000001e-05,1.3800000000000001,0.9998305970258878
0.008,14,1536,fast,0.011200000000000002,8.960000000000001e-05,1.4000000000000001,0.999829045745238
0.008,14,1536,fast,0.01136,9.088000000000001e-05,1.42,0.9998274990175702
0.008,14,1536,fast,0.011519999999999999,9.216e-05,1.44,0.9998259566485641
0.008,14,1536,fast,0.01168,9.344e-05,1.46,0.9998244184533449
0.008,14,1536,fast,0.01184,9.472e-05,1.48,0.999822884255948
0.008,14,1536,fast,0.012,9.6e-05,1.5,0.9998213538888179
0.008,14,1536,fast,0.01216,9.728e-05,1.52,0.9998198271923415
0.008,14,1536,fast,0.012320000000000001,9.856e-05,1.54,0.9998183040144086
0.008,14,1536,fast,0.012480000000000002,9.984000000000002e-05,1.56,0.9998167842100036
0.008,14,1536,fast,0.01264,0.00010112000000000001,1.58,0.9998152676408198
0.008,14,1536,fast,0.0128,0.00010240000000000001,1.6,0.9998137541749001
0.008,14,1536,fast,0.012960000000000001,0.00010368000000000001,1.62,0.9998122436863
0.008,14,1536,fast,0.013120000000000001,0.00010496000000000001,1.6400000000000001,0.9998107360547692
0.008,14,1536,fast,0.013280000000000002,0.00010624000000000001,1.6600000000000001,0.9998092311654552
0.008,14,1536,fast,0.01344,0.00010752,1.68,0.9998077289086243
0.008,14,1536,fast,0.0136,0.0001088,1.7,0.9998062291793983
0.008,14,1536,fast,0.01376,0.00011008,1.72,0.9998047318775073
0.008,14,1536,fast,0.01392,0.00011136,1.74,0.9998032369070584
0.008,14,1536,fast,0.01408,0.00011264,1.76,0.9998017441763162
0.008,14,1536,fast,0.014240000000000001,0.00011392000000000001,1.78,0.9998002535974976
0.008,14,1536,fast,0.014400000000000001,0.00011520000000000001,1.8,0.9997987650865764
0.008,14,1536,fast,0.01456,0.00011648,1.82,0.999797278563102
0.008,14,1536,fast,0.01472,0.00011776000000000001,1.84,0.9997957939500255
0.008,14,1536,fast,0.01488,0.00011904000000000001,1.86,0.9997943111735368
0.008,14,1536,fast,0.015040000000000001,0.00012032000000000001,1.8800000000000001,0.9997928301629119
0.008,14,1536,fast,0.015200000000000002,0.00012160000000000001,1.9000000000000001,0.9997913508503654
0.008,14,1536,fast,0.01536,0.00012288000000000002,1.92,0.9997898731709158
0.008,14,1536,fast,0.015519999999999999,0.00012416,1.94,0.9997883970622529
0.008,14,1536,fast,0.01568,0.00012544,1.96,0.9997869224646163
0.008,14,1536,fast,0.01584,0.00012672,1.98,0.9997854493206783
0.008,14,1536,fast,0.016,0.000128,2.0,0.9997839775754346
0.008,14,1536,fast,0.01616,0.00012928,2.02,0.9997825071760974
0.008,14,1536,fast,0.01632,0.00013056000000000002,2.04,0.9997810380719998
0.008,14,1536,fast,0.01648,0.00013184,2.06,0.999779570214498
0.008,14,1536,fast,0.016640000000000002,0.00013312000000000003,2.08,0.9997781035568851
0.008,14,1536,fast,0.016800000000000002,0.00013440000000000001,2.1,0.9997766380543041
0.008,14,1536,fast,0.016960000000000003,0.00013568000000000003,2.12,0.9997751736636694
0.008,14,1536,fast,0.01712,0.00013696,2.14,0.9997737103435888
0.008,14,1536,fast,0.01728,0.00013824,2.16,0.9997722480542914
0.008,14,1536,fast,0.01744,0.00013952000000000002,2.18,0.9997707867575584
0.008,14,1536,fast,0.0176,0.0001408,2.2,0.9997693264166571
0.008,14,1536,fast,0.01776,0.00014208000000000002,2.22,0.9997678669962781
0.008,14,1536,fast,0.017920000000000002,0.00014336,2.24,0.9997664084624763
0.008,14,1536,fast,0.018080000000000002,0.00014464000000000002,2.2600000000000002,0.999764950782614
0.008,14,1536,fast,0.018240000000000003,0.00014592,2.2800000000000002,0.9997634939253051
0.008,14,1536,fast,0.018400000000000003,0.00014720000000000003,2.3000000000000003,0.9997620378603657
0.008,14,1536,fast,0.01856,0.00014848000000000001,2.32,0.9997605825587633
0.008,14,1536,fast,0.01872,0.00014976,2.34,0.9997591279925704
0.008,14,1536,fast,0.01888,0.00015104000000000002,2.36,0.9997576741349196
0.008,14,1536,fast,0.019039999999999998,0.00015231999999999998,2.38,0.9997562209599604
0.008,14,1536,fast,0.0192,0.0001536,2.4,0.9997547684428184
0.008,14,1536,fast,0.01936,0.00015487999999999998,2.42,0.999753316559557
0.008,14,1536,fast,0.01952,0.00015616,2.44,0.999751865287138
0.008,14,1536,fast,0.01968,0.00015744,2.46,0.9997504146033881
0.008,14,1536,fast,0.01984,0.00015872,2.48,0.9997489644869639
0.008,14,1536,fast,0.02,0.00016,2.5,0.9997475149173185
0.008,14,1536,fast,0.02016,0.00016128,2.52,0.9997460658746705
0.008,14,1536,fast,0.02032,0.00016256000000000002,2.54,0.9997446173399754
0.008,14,1536,fast,0.02048,0.00016384,2.56,0.9997431692948955
0.008,14,1536,fast,0.020640000000000002,0.00016512000000000002,2.58,0.9997417217217717
0.008,14,1536,fast,0.020800000000000003,0.00016640000000000003,2.6,0.9997402746036
0.008,14,1536,fast,0.020960000000000003,0.00016768000000000002,2.62,0.999738827924003
0.008,14,1536,fast,0.02112,0.00016896,2.64,0.9997373816672086
0.008,14,1536,fast,0.02128,0.00017024,2.66,0.9997359358180246
0.008,14,1536,fast,0.02144,0.00017152,2.68,0.9997344903618178
0.008,14,1536,fast,0.0216,0.00017280000000000003,2.7,0.9997330452844928
0.008,14,1536,fast,0.02176,0.00017408000000000001,2.72,0.99973160057247
0.008,14,1536,fast,0.021920000000000002,0.00017536000000000003,2.74,0.9997301562126686
0.008,14,1536,fast,0.022080000000000002,0.00017664000000000002,2.7600000000000002,0.9997287121924845
0.008,14,1536,fast,0.022240000000000003,0.00017792000000000003,2.7800000000000002,0.9997272684997759
0.008,14,1536,fast,0.022400000000000003,0.00017920000000000002,2.8000000000000003,0.999725825122843
0.008,14,1536,fast,0.02256,0.00018048,2.82,0.9997243820504123
0.008,14,1536,fast,0.02272,0.00018176000000000002,2.84,0.9997229392716217
0.008,14,1536,fast,0.02288,0.00018304,2.86,0.9997214967760037
0.008,14,1536,fast,0.023039999999999998,0.00018432,2.88,0.999720054553471
0.008,14,1536,fast,0.0232,0.00018559999999999998,2.9,0.999718612594303
0.008,14,1536,fast,0.02336,0.00018688,2.92,0.9997171708891311
0.008,14,1536,fast,0.02352,0.00018816,2.94,0.9997157294289271
0.008,14,1536,fast,0.02368,0.00018944,2.96,0.9997142882049885
0.008,14,1536,fast,0.02384,0.00019072000000000002,2.98,0.9997128472089291
0.008,14,1536,fast,0.024,0.000192,3.0,0.9997114064326647
0.008,14,1536,fast,0.02416,0.00019328000000000002,3.02,0.999709965868404
0.008,14,1536,fast,0.02432,0.00019456,3.04,0.9997085255086363
0.008,14,1536,fast,0.024480000000000002,0.00019584000000000002,3.06,0.9997070853461224
0.008,14,1536,fast,0.024640000000000002,0.00019712,3.08,0.999705645373884
0.008,14,1536,fast,0.024800000000000003,0.00019840000000000002,3.1,0.9997042055851939
0.008,14,1536,fast,0.024960000000000003,0.00019968000000000004,3.12,0.9997027659735673
0.008,14,1536,fast,0.02512,0.00020096,3.14,0.9997013265327532
0.008,14,1536,fast,0.02528,0.00020224000000000002,3.16,0.9996998872567249
0.008,14,1536,fast,0.02544,0.00020352,3.18,0.9996984481396725
0.008,14,1536,fast,0.0256,0.00020480000000000002,3.2,0.9996970091759954
0.008,14,1536,fast,0.02576,0.00020608,3.22,0.9996955703602928
0.008,14,1536,fast,0.025920000000000002,0.00020736000000000002,3.24,0.9996941316873592
0.008,14,1536,fast,0.026080000000000002,0.00020864000000000004,3.2600000000000002,0.9996926931521755
0.008,14,1536,fast,0.026240000000000003,0.00020992000000000002,3.2800000000000002,0.9996912547499021
0.008,14,1536,fast,0.026400000000000003,0.00021120000000000004,3.3000000000000003,0.9996898164758731
0.008,14,1536,fast,0.026560000000000004,0.00021248000000000003,3.3200000000000003,0.9996883783255903
0.008,14,1536,fast,0.02672,0.00021376,3.34,0.999686940294716
0.008,14,1536,fast,0.02688,0.00021504,3.36,0.9996855023790682
0.008,14,1536,fast,0.027039999999999998,0.00021632,3.38,0.9996840645746145
0.008,14,1536,fast,0.0272,0.0002176,3.4,0.9996826268774668
0.008,14,1536,fast,0.02736,0.00021888,3.42,0.9996811892838764
0.008,14,1536,fast,0.02752,0.00022016,3.44,0.9996797517902277
0.008,14,1536,fast,0.02768,0.00022144,3.46,0.9996783143930353
0.008,14,1536,fast,0.02784,0.00022272,3.48,0.9996768770889385
0.008,14,1536,fast,0.028,0.000224,3.5,0.9996754398746958
0.008,14,1536,fast,0.02816,0.00022528,3.52,0.999674002747182
0.008,14,1536,fast,0.02832,0.00022656000000000003,3.54,0.9996725657033836
0.008,14,1536,fast,0.028480000000000002,0.00022784000000000001,3.56,0.9996711287403949
0.008,14,1536,fast,0.028640000000000002,0.00022912000000000003,3.58,0.9996696918554129
0.008,14,1536,fast,0.028800000000000003,0.00023040000000000002,3.6,0.9996682550457361
0.008,14,1536,fast,0.028960000000000003,0.00023168000000000003,3.62,0.9996668183087579
0.008,14,1536,fast,0.02912,0.00023296,3.64,0.9996653816419658
0.008,14,1536,fast,0.02928,0.00023424,3.66,0.9996639450429365
0.008,14,1536,fast,0.02944,0.00023552000000000002,3.68,0.999662508509333
0.008,14,1536,fast,0.0296,0.0002368,3.7,0.999661072038902
0.008,14,1536,fast,0.02976,0.00023808000000000002,3.72,0.9996596356294702
0.008,14,1536,fast,0.029920000000000002,0.00023936,3.74,0.9996581992789418
0.008,14,1536,fast,0.030080000000000003,0.00024064000000000003,3.7600000000000002,0.9996567629852956
0.008,14,1536,fast,0.030240000000000003,0.00024192000000000004,3.7800000000000002,0.9996553267465826
0.008,14,1536,fast,0.030400000000000003,0.00024320000000000003,3.8000000000000003,0.9996538905609236
0.008,14,1536,fast,0.030560000000000004,0.00024448000000000004,3.8200000000000003,0.9996524544265055
0.008,14,1536,fast,0.03072,0.00024576000000000003,3.84,0.9996510183415802
0.008,14,1536,fast,0.03088,0.00024704,3.86,0.9996495823044618
0.008,14,1536,fast,0.031039999999999998,0.00024832,3.88,0.9996481463135248
0.008,14,1536,fast,0.0312,0.0002496,3.9,0.999646710367201
0.008,14,1536,fast,0.03136,0.00025088,3.92,0.9996452744639782
0.008,14,1536,fast,0.03152,0.00025216,3.94,0.9996438386023984
0.008,14,1536,fast,0.03168,0.00025344,3.96,0.9996424027810549
0.008,14,1536,fast,0.03184,0.00025472,3.98,0.9996409669985912
0.008,14,1536,fast,0.032,0.000256,4.0,0.9996395312536998
0.008,14,1536,long_tail,502.49999999999994,4.02,62812.49999999999,0.01109678652673415
0.008,14,1536,long_tail,512.2138871749867,4.097711097399894,64026.73589687333,0.010172140140863376
0.008,14,1536,long_tail,522.1155546565375,4.1769244372523,65264.444332067185,0.009308871039286544
0.008,14,1536,long_tail,532.2086324480584,4.257669059584468,66526.07905600731,0.00850427212642505
0.008,14,1536,long_tail,542.4968207249827,4.339974565799862,67812.10259062285,0.00775565258018237
0.008,14,1536,long_tail,552.9838911912746,4.4238711295301965,69122.98639890931,0.007060345205602272
0.008,14,1536,long_tail,563.6736884621546,4.509389507697237,70459.21105776932,0.006415713506750346
0.008,14,1536,long_tail,574.5701314735577,4.596561051788462,71821.26643419471,0.0058191584412403356
0.008,14,1536,long_tail,585.6772149188342,4.685417719350674,73209.65186485428,0.005268124824248018
0.008,14,1536,long_tail,596.9990107132264,4.775992085705812,74624.8763391533,0.004760107351582407
0.008,14,1536,long_tail,608.5396694866535,4.868317355893228,76067.45868583168,0.004292656214394274
0.008,14,1536,long_tail,620.3034221053542,4.962427376842834,77537.92776316928,0.0038633822813658823
0.008,14,1536,long_tail,632.2945812229456,5.058356649783565,79036.8226528682,0.003469961827712046
0.008,14,1536,long_tail,644.5175428614634,5.156140342891708,80564.69285768292,0.0031101407939954193
0.008,14,1536,long_tail,656.976788022968,5.255814304183744,82122.098502871,0.0027817385615789302
0.008,14,1536,long_tail,669.6768843323022,5.357415074658418,83709.61054153777,0.00248265123546485
0.008,14,1536,long_tail,682.622487711607,5.460979901692856,85327.81096395088,0.0022108544292584846
0.008,14,1536,long_tail,695.8183440872077,5.566546752697662,86977.29301090096,0.0019644055510007414
0.008,14,1536,long_tail,709.269291129495,5.67415432903596,88658.66139118686,0.0017414455925910401
0.008,14,1536,long_tail,722.9802600264399,5.783842080211519,90372.53250330497,0.0015402004294245988
0.008,14,1536,long_tail,736.9562772913941,5.895650218331153,92119.53466142426,0.0013589816406500567
0.008,14,1536,long_tail,751.2024666058356,6.009619732846685,93900.30832572945,0.0011961868640708243
0.008,14,1536,long_tail,765.7240506977382,6.1257924055819055,95715.50633721727,0.0010502997031238029
0.008,14,1536,long_tail,780.5263532562489,6.244210826049991,97565.79415703111,0.000919889206533161
0.008,14,1536,long_tail,795.6148008833836,6.364918407067069,99451.85011042295,0.0008036089441181818
0.008,14,1536,long_tail,810.994925083445,6.48795940066756,101374.36563543061,0.0007001957048015276
0.008,14,1536,long_tail,826.6723642909026,6.613378914327221,103334.04553636281,0.000608467845089475
0.008,14,1536,long_tail,842.6528659374727,6.7412229274997815,105331.60824218408,0.0005273233181575116
0.008,14,1536,long_tail,858.942288559156,6.871538308473249,107367.7860698945,0.0004557374151558833
0.008,14,1536,long_tail,875.5466039440091,7.0043728315520735,109443.32549300113,0.00039276025143986993
0.008,14,1536,long_tail,892.471899321432,7.139775194571456,111558.987415179,0.00033751403112401875
0.008,14,1536,long_tail,909.7243795937796,7.277795036750237,113715.54744922246,0.0002891901236595827
0.008,14,1536,long_tail,927.3103696111106,7.418482956888885,115913.79620138882,0.0002470459860476446
0.008,14,1536,long_tail,945.2363164899122,7.561890531919297,118154.53956123901,0.0002104019638400543
0.008,14,1536,long_tail,963.5087919766445,7.708070335813156,120438.59899708055,0.00017863800326548798
0.008,14,1536,long_tail,982.1344948569811,7.857075958855849,122766.81185712264,0.00015119030567255223
0.008,14,1536,long_tail,1001.1202534116148,8.008962027292919,125140.03167645185,0.0001275479540349189
0.008,14,1536,long_tail,1020.4730279195444,8.163784223356355,127559.12848994305,0.00010724953954749448
0.008,14,1536,long_tail,1040.1999132097487,8.32159930567799,130024.98915121859,8.987981439397977e-05
0.008,14,1536,long_tail,1060.3081412621877,8.482465130097502,132538.51765777345,7.50663946233567e-05
0.008,14,1536,long_tail,1080.8050838590852,8.646440670872682,135100.63548238564,6.247653477640643e-05
0.008,14,1536,long_tail,1101.698255287462,8.813586042299695,137712.28191093274,5.181399349465765e-05
0.008,14,1536,long_tail,1122.9953150939143,8.983962520751314,140374.41438673928,4.281600686465512e-05
0.008,14,1536,long_tail,1144.7040708926427,9.15763256714114,143088.00886158034,3.5250383740872645e-05
0.008,14,1536,long_tail,1166.8324812277658,9.334659849822126,145854.06015347072,2.8912734790175923e-05
0.008,14,1536,long_tail,1189.3886584909628,9.515109267927702,148673.58231137035,2.3623844546473097e-05
0.008,14,1536,long_tail,1212.3808718955202,9.699046975164162,151547.60898694003,1.9227193390122557e-05
0.008,14,1536,long_tail,1235.8175505078689,9.88654040406295,154477.1938134836,1.5586634103455653e-05
0.008,14,1536,long_tail,1259.7072863377239,10.077658290701791,157463.4107922155,1.2584225528092788e-05
0.008,14,1536,long_tail,1284.05883748796,10.27247069990368,160507.354685995,1.0118223884038535e-05
0.008,14,1536,long_tail,1308.881131365378,10.471049050923025,163610.14142067224,8.10123052276369e-06
0.008,14,1536,long_tail,1334.1832679535426,10.67346614362834,166772.90849419282,6.4584932899518395e-06
0.008,14,1536,long_tail,1359.9745231488773,10.879796185191019,169996.81539360966,5.126357277030423e-06
0.008,14,1536,long_tail,1386.2643521612652,11.090114817290122,173283.04402015815,4.0508595482605734e-06
0.008,14,1536,long_tail,1413.062392980371,11.304499143842968,176632.79912254636,3.1864614420241193e-06
0.008,14,1536,long_tail,1440.3784699089845,11.523027759271876,180047.30873862305,2.494911257052117e-06
0.008,14,1536,long_tail,1468.2225971646587,11.74578077731727,183527.82464558232,1.94422953920491e-06
0.008,14,1536,long_tail,1496.6049825509742,11.972839860407793,187075.62281887178,1.5078087714496616e-06
0.008,14,1536,long_tail,1525.536031199777,12.204288249598216,190692.00389997213,1.1636190257363919e-06
0.008,14,1536,long_tail,1555.0263493857506,12.440210795086005,194378.2936732188,8.935110453449912e-07
0.008,14,1536,long_tail,1585.0867484147357,12.680693987317886,198135.84355184194,6.826082732633937e-07
0.008,14,1536,long_tail,1615.7282485872076,12.925825988697662,201966.03107340095,5.187795086012775e-07
0.008,14,1536,long_tail,1646.9620832383828,13.175696665907063,205870.26040479785,3.921841408356127e-07
0.008,14,1536,long_tail,1678.799702856411,13.430397622851288,209849.96285705137,2.948822627524707e-07
0.008,14,1536,long_tail,1711.2527792801889,13.69002223424151,213906.5974100236,2.205023796854256e-07
0.008,14,1536,long_tail,1744.3332099783186,13.95466567982655,218041.65124728982,1.6395989828941914e-07
0.008,14,1536,long_tail,1778.0531224107806,14.224424979286246,222256.64030134756,1.212200770162647e-07
0.008,14,1536,long_tail,1812.4248784749232,14.499399027799386,226553.10980936539,8.909963845942687e-08
0.008,14,1536,long_tail,1847.4610790373997,14.779688632299198,230932.63487967497,6.510176817163355e-08
0.008,14,1536,long_tail,1883.1745685537162,15.06539654842973,235396.82106921452,4.7279744476277436e-08
0.008,14,1536,long_tail,1919.5784397770706,15.356627518216564,239947.3049721338,3.41249499746075e-08
0.008,14,1536,long_tail,1956.6860385582277,15.653488308465821,244585.75481977846,2.4475500404605622e-08
0.008,14,1536,long_tail,1994.5109687381805,15.956087749905445,249313.87109227254,1.7442184412700502e-08
0.008,14,1536,long_tail,2033.0670971353877,16.2645367770831,254133.38714192345,1.2348834404346244e-08
0.008,14,1536,long_tail,2072.3685586294205,16.578948469035364,259046.06982867754,8.684641130211292e-09
0.008,14,1536,long_tail,2112.4297613428853,16.899438090743082,264053.7201678607,6.066281509330426e-09
0.008,14,1536,long_tail,2153.2653919235195,17.226123135388157,269158.1739904399,4.208049967899382e-09
0.008,14,1536,long_tail,2194.8904209283937,17.55912336742715,274361.3026160492,2.8984687938661835e-09
0.008,14,1536,long_tail,2237.3201083121908,17.898560866497526,279665.0135390238,1.9821039390877585e-09
0.008,14,1536,long_tail,2280.5700090215914,18.24456007217273,285071.2511276989,1.3455311915153104e-09
0.008,14,1536,long_tail,2324.6559786977996,18.597247829582397,290581.99733722495,9.065859613403403e-10
0.008,14,1536,long_tail,2369.594179489301,18.956753435914408,296199.27243616263,6.061906267544781e-10
0.008,14,1536,long_tail,2415.401085976991,19.323208687815928,301925.13574712386,4.021891671023993e-10
0.008,14,1536,long_tail,2462.0934912138487,19.69674792971079,307761.6864017311,2.6473241670531873e-10
0.008,14,1536,long_tail,2509.688512881353,20.077508103050825,313711.06411016907,1.7285139914232127e-10
0.008,14,1536,long_tail,2558.2035995649157,20.465628796519326,319775.44994561444,1.1193343269346239e-10
0.008,14,1536,long_tail,2607.6565371506244,20.861252297204995,325957.067143828,7.187845127059855e-11
0.008,14,1536,long_tail,2658.0654553456457,21.264523642765166,332258.1819182057,4.576348018594906e-11
0.008,14,1536,long_tail,2709.4488343246667,21.675590674597334,338681.10429058335,2.8883441419459696e-11
0.008,14,1536,long_tail,2761.825511504824,22.094604092038594,345228.18893810303,1.806820953400853e-11
0.008,14,1536,long_tail,2815.214688451606,22.52171750761285,351901.83605645073,1.120064148936713e-11
0.008,14,1536,long_tail,2869.6359379182427,22.957087503345942,358704.4922397803,6.8794883309103194e-12
0.008,14,1536,long_tail,2925.1092110211794,23.400873688169437,365638.6513776474,4.185788093191209e-12
0.008,14,1536,long_tail,2981.654844554262,23.8532387564341,372706.8555692828,2.5224762776833443e-12
0.008,14,1536,long_tail,3039.2935684443173,24.314348547554538,379911.69605553965,1.5053069286983266e-12
0.008,14,1536,long_tail,3098.046513350848,24.78437210680678,387255.81416885596,8.893832674582744e-13
0.008,14,1536,long_tail,3157.935218412643,25.263481747301142,394741.90230158035,5.201576496955275e-13
0.008,14,1536,long_tail,3218.98163914414,25.75185311315312,402372.7048930175,3.010771278239715e-13
0.008,14,1536,long_tail,3281.2081554844403,26.249665243875523,410151.01943555503,1.7243690729953773e-13
0.008,14,1536,long_tail,3344.6375800018986,26.75710064001519,418079.6975002373,9.770204095684862e-14
0.008,14,1536,long_tail,3409.2931662573396,27.27434533005872,426161.64578216744,5.4752952877171724e-14
0.008,14,1536,long_tail,3475.1986173289356,27.801588938631486,434399.8271661169,3.034238783996483e-14
0.008,14,1536,long_tail,3542.378094501879,28.339024756015032,442797.2618127348,1.6624028760461534e-14
0.008,14,1536,long_tail,3610.8562261260313,28.88684980900825,451357.0282657539,9.002669897550593e-15
0.008,14,1536,long_tail,3680.6581166448104,29.445264933158484,460082.2645806013,4.817893970049271e-15
0.008,14,1536,long_tail,3751.809355798615,30.01447484638892,468976.16947482683,2.5473843646679673e-15
0.008,14,1536,long_tail,3824.3360280061556,30.594688224049246,478042.00350076944,1.330398008041145e-15
0.008,14,1536,long_tail,3898.264721927128,31.186117775417024,487283.090240891,6.861437870506873e-16
0.008,14,1536,long_tail,3973.622540209777,31.788980321678217,496702.81752622215,3.4937329294559646e-16
0.008,14,1536,long_tail,4050.437109426857,32.40349687541486,506304.6386783571,1.7558921156525737e-16
0.008,14,1536,long_tail,4128.736590203679,33.02989272162943,516092.0737754599,8.708231644990896e-17
0.008,14,1536,long_tail,4208.549687541944,33.66839750033555,526068.710942743,4.26063646474184e-17
0.008,14,1536,long_tail,4289.905661343154,34.31924529074523,536238.2076678942,2.0559736053349804e-17
0.008,14,1536,long_tail,4372.834337135442,34.98267469708354,546604.2921419303,9.782348326914201e-18
0.008,14,1536,long_tail,4457.366117007767,35.65892893606213,557170.7646259709,4.588101181503201e-18
0.008,14,1536,long_tail,4543.531990755472,36.34825592604378,567941.498844434,2.1206382128086895e-18
0.008,14,1536,long_tail,4631.363547241327,37.05090837793062,578920.4434051659,9.656528740469949e-19
0.008,14,1536,long_tail,4720.892985976153,37.767143887809226,590111.6232470191,4.330829648924936e-19
0.008,14,1536,long_tail,4812.1531289233335,38.49722503138667,601519.1411154167,1.912445661389376e-19
0.008,14,1536,long_tail,4905.177432531535,39.241419460252274,613147.1790664418,8.312753610041443e-20
0.008,14,1536,long_tail,5000.0,40.0,625000.0,3.555542375231139e-20
